product,source_a,time_frequency_a_Hz,time_order_a_n,spatial_order_a_m,source_b,time_frequency_b_Hz,time_order_b_n,spatial_order_b_m,contribution_real,contribution_imag,contribution_abs,stress,target_time_frequency_Hz,target_time_order_n,target_spatial_order_m,target_coeff_real,target_coeff_imag,target_coeff_abs,pair_rank,abs_fraction_of_target
Br*Br/(2mu0),Br,0.0,0.0,20.999999999999996,Br,-241.4898960627487,-1.0,20.999999999999996,-9311.750333960394,-17451.949274166946,19780.779250325497,Fr,-241.4898960627487,-1.0,41.99999999999999,-18249.75100590592,-33778.28103719023,38393.04209886173,1,0.5152178147121077
Br*Br/(2mu0),Br,-241.4898960627487,-1.0,20.999999999999996,Br,0.0,0.0,20.999999999999996,-9311.750333960394,-17451.949274166946,19780.779250325497,Fr,-241.4898960627487,-1.0,41.99999999999999,-18249.75100590592,-33778.28103719023,38393.04209886173,2,0.5152178147121077
Br*Br/(2mu0),Br,241.4898960627487,1.0,-20.999999999999996,Br,-482.9797921254974,-2.0,62.999999999999986,2989.708347726531,6936.30715674264,7553.1922375340655,Fr,-241.4898960627487,-1.0,41.99999999999999,-18249.75100590592,-33778.28103719023,38393.04209886173,3,0.19673336168789815
Br*Br/(2mu0),Br,-482.9797921254974,-2.0,62.999999999999986,Br,241.4898960627487,1.0,-20.999999999999996,2989.708347726531,6936.30715674264,7553.1922375340655,Fr,-241.4898960627487,-1.0,41.99999999999999,-18249.75100590592,-33778.28103719023,38393.04209886173,4,0.19673336168789815
Br*Br/(2mu0),Br,241.4898960627487,1.0,20.999999999999996,Br,-482.9797921254974,-2.0,20.999999999999996,-933.8345860213487,-1750.1617956739485,1983.712011630298,Fr,-241.4898960627487,-1.0,41.99999999999999,-18249.75100590592,-33778.28103719023,38393.04209886173,5,0.05166852906634118
Br*Br/(2mu0),Br,-482.9797921254974,-2.0,20.999999999999996,Br,241.4898960627487,1.0,20.999999999999996,-933.8345860213487,-1750.1617956739485,1983.712011630298,Fr,-241.4898960627487,-1.0,41.99999999999999,-18249.75100590592,-33778.28103719023,38393.04209886173,6,0.05166852906634118
-Btheta*Btheta/(2mu0),Btheta,0.0,0.0,20.999999999999996,Btheta,-241.4898960627487,-1.0,20.999999999999996,-312.2639359121132,-1489.5899290334205,1521.9681081905478,Fr,-241.4898960627487,-1.0,41.99999999999999,-18249.75100590592,-33778.28103719023,38393.04209886173,7,0.039641769054702514
-Btheta*Btheta/(2mu0),Btheta,-241.4898960627487,-1.0,20.999999999999996,Btheta,0.0,0.0,20.999999999999996,-312.2639359121132,-1489.5899290334205,1521.9681081905478,Fr,-241.4898960627487,-1.0,41.99999999999999,-18249.75100590592,-33778.28103719023,38393.04209886173,8,0.039641769054702514
-Btheta*Btheta/(2mu0),Btheta,241.4898960627487,1.0,-20.999999999999996,Btheta,-482.9797921254974,-2.0,62.999999999999986,-450.1244798887618,-932.3501073786979,1035.3206122376769,Fr,-241.4898960627487,-1.0,41.99999999999999,-18249.75100590592,-33778.28103719023,38393.04209886173,9,0.02696636045593198
-Btheta*Btheta/(2mu0),Btheta,-482.9797921254974,-2.0,62.999999999999986,Btheta,241.4898960627487,1.0,-20.999999999999996,-450.1244798887618,-932.3501073786979,1035.3206122376769,Fr,-241.4898960627487,-1.0,41.99999999999999,-18249.75100590592,-33778.28103719023,38393.04209886173,10,0.02696636045593198
Br*Br/(2mu0),Br,482.9797921254974,2.0,20.999999999999996,Br,-724.4696881882461,-3.0,20.999999999999996,-335.4026624784219,-628.6145115306992,712.4964211170424,Fr,-241.4898960627487,-1.0,41.99999999999999,-18249.75100590592,-33778.28103719023,38393.04209886173,11,0.018557956915275706
Br*Br/(2mu0),Br,-724.4696881882461,-3.0,20.999999999999996,Br,482.9797921254974,2.0,20.999999999999996,-335.4026624784219,-628.6145115306992,712.4964211170424,Fr,-241.4898960627487,-1.0,41.99999999999999,-18249.75100590592,-33778.28103719023,38393.04209886173,12,0.018557956915275706
Br*Br/(2mu0),Br,0.0,0.0,-20.999999999999996,Br,241.4898960627487,1.0,-20.999999999999996,-9311.750333960397,17451.94927416695,19780.7792503255,Fr,241.4898960627487,1.0,-41.99999999999999,-18249.75100590592,33778.28103719023,38393.04209886173,1,0.5152178147121078
Br*Br/(2mu0),Br,241.4898960627487,1.0,-20.999999999999996,Br,0.0,0.0,-20.999999999999996,-9311.750333960397,17451.94927416695,19780.7792503255,Fr,241.4898960627487,1.0,-41.99999999999999,-18249.75100590592,33778.28103719023,38393.04209886173,2,0.5152178147121078
Br*Br/(2mu0),Br,-241.4898960627487,-1.0,20.999999999999996,Br,482.9797921254974,2.0,-62.999999999999986,2989.7083477265305,-6936.307156742642,7553.192237534067,Fr,241.4898960627487,1.0,-41.99999999999999,-18249.75100590592,33778.28103719023,38393.04209886173,3,0.19673336168789818
Br*Br/(2mu0),Br,482.9797921254974,2.0,-62.999999999999986,Br,-241.4898960627487,-1.0,20.999999999999996,2989.7083477265305,-6936.307156742641,7553.192237534066,Fr,241.4898960627487,1.0,-41.99999999999999,-18249.75100590592,33778.28103719023,38393.04209886173,4,0.19673336168789818
Br*Br/(2mu0),Br,482.9797921254974,2.0,-20.999999999999996,Br,-241.4898960627487,-1.0,-20.999999999999996,-933.8345860213475,1750.1617956739487,1983.7120116302976,Fr,241.4898960627487,1.0,-41.99999999999999,-18249.75100590592,33778.28103719023,38393.04209886173,5,0.051668529066341166
Br*Br/(2mu0),Br,-241.4898960627487,-1.0,-20.999999999999996,Br,482.9797921254974,2.0,-20.999999999999996,-933.8345860213474,1750.1617956739487,1983.7120116302976,Fr,241.4898960627487,1.0,-41.99999999999999,-18249.75100590592,33778.28103719023,38393.04209886173,6,0.051668529066341166
-Btheta*Btheta/(2mu0),Btheta,0.0,0.0,-20.999999999999996,Btheta,241.4898960627487,1.0,-20.999999999999996,-312.2639359121131,1489.58992903342,1521.9681081905474,Fr,241.4898960627487,1.0,-41.99999999999999,-18249.75100590592,33778.28103719023,38393.04209886173,7,0.0396417690547025
-Btheta*Btheta/(2mu0),Btheta,241.4898960627487,1.0,-20.999999999999996,Btheta,0.0,0.0,-20.999999999999996,-312.2639359121131,1489.58992903342,1521.9681081905474,Fr,241.4898960627487,1.0,-41.99999999999999,-18249.75100590592,33778.28103719023,38393.04209886173,8,0.0396417690547025
-Btheta*Btheta/(2mu0),Btheta,-241.4898960627487,-1.0,20.999999999999996,Btheta,482.9797921254974,2.0,-62.999999999999986,-450.12447988876175,932.350107378698,1035.3206122376769,Fr,241.4898960627487,1.0,-41.99999999999999,-18249.75100590592,33778.28103719023,38393.04209886173,9,0.02696636045593198
-Btheta*Btheta/(2mu0),Btheta,482.9797921254974,2.0,-62.999999999999986,Btheta,-241.4898960627487,-1.0,20.999999999999996,-450.1244798887616,932.3501073786979,1035.3206122376766,Fr,241.4898960627487,1.0,-41.99999999999999,-18249.75100590592,33778.28103719023,38393.04209886173,10,0.026966360455931974
Br*Br/(2mu0),Br,724.4696881882461,3.0,-20.999999999999996,Br,-482.9797921254974,-2.0,-20.999999999999996,-335.40266247842214,628.6145115306988,712.4964211170421,Fr,241.4898960627487,1.0,-41.99999999999999,-18249.75100590592,33778.28103719023,38393.04209886173,11,0.0185579569152757
Br*Br/(2mu0),Br,-482.9797921254974,-2.0,-20.999999999999996,Br,724.4696881882461,3.0,-20.999999999999996,-335.40266247842214,628.6145115306988,712.4964211170421,Fr,241.4898960627487,1.0,-41.99999999999999,-18249.75100590592,33778.28103719023,38393.04209886173,12,0.0185579569152757
Br*Br/(2mu0),Br,241.4898960627487,1.0,-20.999999999999996,Br,-241.4898960627487,-1.0,56.999999999999986,4974.604142392588,518.2504693996609,5001.5267591548945,Fr,0.0,0.0,35.99999999999999,24626.434578157685,4551.939541013076,25043.59066941717,1,0.19971284570078357
Br*Br/(2mu0),Br,-241.4898960627487,-1.0,56.999999999999986,Br,241.4898960627487,1.0,-20.999999999999996,4974.604142392588,518.2504693996614,5001.5267591548945,Fr,0.0,0.0,35.99999999999999,24626.434578157685,4551.939541013076,25043.59066941717,2,0.19971284570078357
Br*Br/(2mu0),Br,-241.4898960627487,-1.0,20.999999999999996,Br,241.4898960627487,1.0,14.999999999999996,2428.5651526102342,1440.380386749968,2823.583602269775,Fr,0.0,0.0,35.99999999999999,24626.434578157685,4551.939541013076,25043.59066941717,3,0.11274675582834412
Br*Br/(2mu0),Br,241.4898960627487,1.0,14.999999999999996,Br,-241.4898960627487,-1.0,20.999999999999996,2428.5651526102342,1440.3803867499678,2823.5836022697745,Fr,0.0,0.0,35.99999999999999,24626.434578157685,4551.939541013076,25043.59066941717,4,0.1127467558283441
-Btheta*Btheta/(2mu0),Btheta,241.4898960627487,1.0,-20.999999999999996,Btheta,-241.4898960627487,-1.0,56.999999999999986,1325.5749067078204,-65.70801847072266,1327.202462695423,Fr,0.0,0.0,35.99999999999999,24626.434578157685,4551.939541013076,25043.59066941717,5,0.052995693797063266
-Btheta*Btheta/(2mu0),Btheta,-241.4898960627487,-1.0,56.999999999999986,Btheta,241.4898960627487,1.0,-20.999999999999996,1325.5749067078204,-65.70801847072255,1327.202462695423,Fr,0.0,0.0,35.99999999999999,24626.434578157685,4551.939541013076,25043.59066941717,6,0.052995693797063266
Br*Br/(2mu0),Br,0.0,0.0,56.999999999999986,Br,0.0,0.0,-20.999999999999996,1244.2678700724819,129.54886702956355,1250.9937815366445,Fr,0.0,0.0,35.99999999999999,24626.434578157685,4551.939541013076,25043.59066941717,7,0.049952652479036797
Br*Br/(2mu0),Br,0.0,0.0,-20.999999999999996,Br,0.0,0.0,56.999999999999986,1244.2678700724819,129.54886702956355,1250.9937815366445,Fr,0.0,0.0,35.99999999999999,24626.434578157685,4551.939541013076,25043.59066941717,8,0.049952652479036797
Br*Br/(2mu0),Br,0.0,0.0,14.999999999999996,Br,0.0,0.0,20.999999999999996,607.4911854787397,359.89572496799326,706.095229614676,Fr,0.0,0.0,35.99999999999999,24626.434578157685,4551.939541013076,25043.59066941717,9,0.028194648240954842
Br*Br/(2mu0),Br,0.0,0.0,20.999999999999996,Br,0.0,0.0,14.999999999999996,607.4911854787397,359.89572496799326,706.095229614676,Fr,0.0,0.0,35.99999999999999,24626.434578157685,4551.939541013076,25043.59066941717,10,0.028194648240954842
-Btheta*Btheta/(2mu0),Btheta,241.4898960627487,1.0,14.999999999999996,Btheta,-241.4898960627487,-1.0,20.999999999999996,-476.1462655281681,-390.87427860653156,616.0340638735794,Fr,0.0,0.0,35.99999999999999,24626.434578157685,4551.939541013076,25043.59066941717,11,0.024598472000497525
-Btheta*Btheta/(2mu0),Btheta,-241.4898960627487,-1.0,20.999999999999996,Btheta,241.4898960627487,1.0,14.999999999999996,-476.1462655281681,-390.87427860653156,616.0340638735794,Fr,0.0,0.0,35.99999999999999,24626.434578157685,4551.939541013076,25043.59066941717,12,0.024598472000497525
Br*Br/(2mu0),Br,241.4898960627487,1.0,-56.999999999999986,Br,-241.4898960627487,-1.0,20.999999999999996,4974.604142392588,-518.2504693996614,5001.5267591548945,Fr,0.0,0.0,-35.99999999999999,24626.434578157685,-4551.939541013076,25043.59066941717,1,0.19971284570078357
Br*Br/(2mu0),Br,-241.4898960627487,-1.0,20.999999999999996,Br,241.4898960627487,1.0,-56.999999999999986,4974.604142392588,-518.2504693996614,5001.5267591548945,Fr,0.0,0.0,-35.99999999999999,24626.434578157685,-4551.939541013076,25043.59066941717,2,0.19971284570078357
Br*Br/(2mu0),Br,-241.4898960627487,-1.0,-14.999999999999996,Br,241.4898960627487,1.0,-20.999999999999996,2428.5651526102342,-1440.3803867499682,2823.583602269775,Fr,0.0,0.0,-35.99999999999999,24626.434578157685,-4551.939541013076,25043.59066941717,3,0.11274675582834412
Br*Br/(2mu0),Br,241.4898960627487,1.0,-20.999999999999996,Br,-241.4898960627487,-1.0,-14.999999999999996,2428.565152610234,-1440.3803867499682,2823.5836022697745,Fr,0.0,0.0,-35.99999999999999,24626.434578157685,-4551.939541013076,25043.59066941717,4,0.1127467558283441
-Btheta*Btheta/(2mu0),Btheta,241.4898960627487,1.0,-56.999999999999986,Btheta,-241.4898960627487,-1.0,20.999999999999996,1325.5749067078207,65.70801847072244,1327.2024626954233,Fr,0.0,0.0,-35.99999999999999,24626.434578157685,-4551.939541013076,25043.59066941717,5,0.05299569379706327
-Btheta*Btheta/(2mu0),Btheta,-241.4898960627487,-1.0,20.999999999999996,Btheta,241.4898960627487,1.0,-56.999999999999986,1325.5749067078207,65.70801847072244,1327.2024626954233,Fr,0.0,0.0,-35.99999999999999,24626.434578157685,-4551.939541013076,25043.59066941717,6,0.05299569379706327
Br*Br/(2mu0),Br,0.0,0.0,20.999999999999996,Br,0.0,0.0,-56.999999999999986,1244.2678700724814,-129.54886702956355,1250.993781536644,Fr,0.0,0.0,-35.99999999999999,24626.434578157685,-4551.939541013076,25043.59066941717,7,0.04995265247903678
Br*Br/(2mu0),Br,0.0,0.0,-56.999999999999986,Br,0.0,0.0,20.999999999999996,1244.2678700724814,-129.54886702956355,1250.993781536644,Fr,0.0,0.0,-35.99999999999999,24626.434578157685,-4551.939541013076,25043.59066941717,8,0.04995265247903678
Br*Br/(2mu0),Br,0.0,0.0,-20.999999999999996,Br,0.0,0.0,-14.999999999999996,607.4911854787398,-359.8957249679933,706.0952296146761,Fr,0.0,0.0,-35.99999999999999,24626.434578157685,-4551.939541013076,25043.59066941717,9,0.02819464824095485
Br*Br/(2mu0),Br,0.0,0.0,-14.999999999999996,Br,0.0,0.0,-20.999999999999996,607.4911854787398,-359.8957249679933,706.0952296146761,Fr,0.0,0.0,-35.99999999999999,24626.434578157685,-4551.939541013076,25043.59066941717,10,0.02819464824095485
-Btheta*Btheta/(2mu0),Btheta,241.4898960627487,1.0,-20.999999999999996,Btheta,-241.4898960627487,-1.0,-14.999999999999996,-476.14626552816793,390.87427860653156,616.0340638735792,Fr,0.0,0.0,-35.99999999999999,24626.434578157685,-4551.939541013076,25043.59066941717,11,0.024598472000497515
-Btheta*Btheta/(2mu0),Btheta,-241.4898960627487,-1.0,-14.999999999999996,Btheta,241.4898960627487,1.0,-20.999999999999996,-476.14626552816793,390.87427860653156,616.0340638735792,Fr,0.0,0.0,-35.99999999999999,24626.434578157685,-4551.939541013076,25043.59066941717,12,0.024598472000497515
Br*Br/(2mu0),Br,241.4898960627487,1.0,-20.999999999999996,Br,241.4898960627487,1.0,-20.999999999999996,20860.166970636063,-33603.3045301435,39551.59467566862,Fr,482.9797921254974,2.0,-41.99999999999999,10213.019241188966,-16257.179919647824,19199.00156155774,1,2.0600860179553804
Br*Br/(2mu0),Br,0.0,0.0,-20.999999999999996,Br,482.9797921254974,2.0,-20.999999999999996,-2611.2117907692373,4206.399225059607,4950.9818679565315,Fr,482.9797921254974,2.0,-41.99999999999999,10213.019241188966,-16257.179919647824,19199.00156155774,2,0.25787704907894315
Br*Br/(2mu0),Br,482.9797921254974,2.0,-20.999999999999996,Br,0.0,0.0,-20.999999999999996,-2611.211790769238,4206.399225059607,4950.9818679565315,Fr,482.9797921254974,2.0,-41.99999999999999,10213.019241188966,-16257.179919647824,19199.00156155774,3,0.25787704907894315
Br*Br/(2mu0),Br,0.0,0.0,20.999999999999996,Br,482.9797921254974,2.0,-62.999999999999986,-1718.8116647341624,3363.8596446986453,3777.5475176439963,Fr,482.9797921254974,2.0,-41.99999999999999,10213.019241188966,-16257.179919647824,19199.00156155774,4,0.19675749832781927
Br*Br/(2mu0),Br,482.9797921254974,2.0,-62.999999999999986,Br,0.0,0.0,20.999999999999996,-1718.8116647341622,3363.8596446986453,3777.5475176439963,Fr,482.9797921254974,2.0,-41.99999999999999,10213.019241188966,-16257.179919647824,19199.00156155774,5,0.19675749832781927
-Btheta*Btheta/(2mu0),Btheta,241.4898960627487,1.0,-20.999999999999996,Btheta,241.4898960627487,1.0,-20.999999999999996,818.1695118076887,-2931.2299629308063,3043.2729824376534,Fr,482.9797921254974,2.0,-41.99999999999999,10213.019241188966,-16257.179919647824,19199.00156155774,6,0.1585120441122946
Br*Br/(2mu0),Br,724.4696881882461,3.0,-20.999999999999996,Br,-241.4898960627487,-1.0,-20.999999999999996,-599.3819583390381,965.5575313289665,1136.4682478135624,Fr,482.9797921254974,2.0,-41.99999999999999,10213.019241188966,-16257.179919647824,19199.00156155774,7,0.05919413278704652
Br*Br/(2mu0),Br,-241.4898960627487,-1.0,-20.999999999999996,Br,724.4696881882461,3.0,-20.999999999999996,-599.381958339038,965.5575313289665,1136.4682478135624,Fr,482.9797921254974,2.0,-41.99999999999999,10213.019241188966,-16257.179919647824,19199.00156155774,8,0.05919413278704652
-Btheta*Btheta/(2mu0),Btheta,0.0,0.0,20.999999999999996,Btheta,482.9797921254974,2.0,-62.999999999999986,255.17280883044026,-450.5284049011235,517.7731221192995,Fr,482.9797921254974,2.0,-41.99999999999999,10213.019241188966,-16257.179919647824,19199.00156155774,9,0.026968752539509103
-Btheta*Btheta/(2mu0),Btheta,482.9797921254974,2.0,-62.999999999999986,Btheta,0.0,0.0,20.999999999999996,255.1728088304402,-450.52840490112345,517.7731221192995,Fr,482.9797921254974,2.0,-41.99999999999999,10213.019241188966,-16257.179919647824,19199.00156155774,10,0.026968752539509103
Br*Br/(2mu0),Br,965.9595842509948,4.0,-20.999999999999996,Br,-482.9797921254974,-2.0,-20.999999999999996,-264.00581565573304,425.399834549038,500.663649503734,Fr,482.9797921254974,2.0,-41.99999999999999,10213.019241188966,-16257.179919647824,19199.00156155774,11,0.02607758783176597
Br*Br/(2mu0),Br,-482.9797921254974,-2.0,-20.999999999999996,Br,965.9595842509948,4.0,-20.999999999999996,-264.00581565573304,425.399834549038,500.663649503734,Fr,482.9797921254974,2.0,-41.99999999999999,10213.019241188966,-16257.179919647824,19199.00156155774,12,0.02607758783176597
Br*Br/(2mu0),Br,-241.4898960627487,-1.0,20.999999999999996,Br,-241.4898960627487,-1.0,20.999999999999996,20860.166970636063,33603.3045301435,39551.59467566862,Fr,-482.9797921254974,-2.0,41.99999999999999,10213.01924118897,16257.17991964782,19199.00156155774,1,2.0600860179553804
Br*Br/(2mu0),Br,0.0,0.0,20.999999999999996,Br,-482.9797921254974,-2.0,20.999999999999996,-2611.211790769237,-4206.399225059606,4950.981867956531,Fr,-482.9797921254974,-2.0,41.99999999999999,10213.01924118897,16257.17991964782,19199.00156155774,2,0.2578770490789431
Br*Br/(2mu0),Br,-482.9797921254974,-2.0,20.999999999999996,Br,0.0,0.0,20.999999999999996,-2611.2117907692373,-4206.399225059606,4950.981867956531,Fr,-482.9797921254974,-2.0,41.99999999999999,10213.01924118897,16257.17991964782,19199.00156155774,3,0.2578770490789431
Br*Br/(2mu0),Br,0.0,0.0,-20.999999999999996,Br,-482.9797921254974,-2.0,62.999999999999986,-1718.8116647341624,-3363.859644698645,3777.547517643996,Fr,-482.9797921254974,-2.0,41.99999999999999,10213.01924118897,16257.17991964782,19199.00156155774,4,0.19675749832781925
Br*Br/(2mu0),Br,-482.9797921254974,-2.0,62.999999999999986,Br,0.0,0.0,-20.999999999999996,-1718.8116647341624,-3363.859644698645,3777.547517643996,Fr,-482.9797921254974,-2.0,41.99999999999999,10213.01924118897,16257.17991964782,19199.00156155774,5,0.19675749832781925
-Btheta*Btheta/(2mu0),Btheta,-241.4898960627487,-1.0,20.999999999999996,Btheta,-241.4898960627487,-1.0,20.999999999999996,818.1695118076891,2931.2299629308077,3043.2729824376543,Fr,-482.9797921254974,-2.0,41.99999999999999,10213.01924118897,16257.17991964782,19199.00156155774,6,0.15851204411229464
Br*Br/(2mu0),Br,-724.4696881882461,-3.0,20.999999999999996,Br,241.4898960627487,1.0,20.999999999999996,-599.3819583390381,-965.5575313289671,1136.4682478135628,Fr,-482.9797921254974,-2.0,41.99999999999999,10213.01924118897,16257.17991964782,19199.00156155774,7,0.05919413278704654
Br*Br/(2mu0),Br,241.4898960627487,1.0,20.999999999999996,Br,-724.4696881882461,-3.0,20.999999999999996,-599.381958339038,-965.5575313289669,1136.4682478135626,Fr,-482.9797921254974,-2.0,41.99999999999999,10213.01924118897,16257.17991964782,19199.00156155774,8,0.059194132787046536
-Btheta*Btheta/(2mu0),Btheta,0.0,0.0,-20.999999999999996,Btheta,-482.9797921254974,-2.0,62.999999999999986,255.17280883044032,450.52840490112357,517.7731221192996,Fr,-482.9797921254974,-2.0,41.99999999999999,10213.01924118897,16257.17991964782,19199.00156155774,9,0.02696875253950911
-Btheta*Btheta/(2mu0),Btheta,-482.9797921254974,-2.0,62.999999999999986,Btheta,0.0,0.0,-20.999999999999996,255.17280883044032,450.52840490112357,517.7731221192996,Fr,-482.9797921254974,-2.0,41.99999999999999,10213.01924118897,16257.17991964782,19199.00156155774,10,0.02696875253950911
Br*Br/(2mu0),Br,482.9797921254974,2.0,20.999999999999996,Br,-965.9595842509948,-4.0,20.999999999999996,-264.0058156557333,-425.39983454903813,500.66364950373423,Fr,-482.9797921254974,-2.0,41.99999999999999,10213.01924118897,16257.17991964782,19199.00156155774,11,0.026077587831765985
Br*Br/(2mu0),Br,-965.9595842509948,-4.0,20.999999999999996,Br,482.9797921254974,2.0,20.999999999999996,-264.0058156557333,-425.39983454903813,500.66364950373423,Fr,-482.9797921254974,-2.0,41.99999999999999,10213.01924118897,16257.17991964782,19199.00156155774,12,0.026077587831765985
Br*Br/(2mu0),Br,241.4898960627487,1.0,-20.999999999999996,Br,482.9797921254974,2.0,-62.999999999999986,-4316.31209248255,-6198.400027219429,7553.192237534068,Fr,724.4696881882461,3.0,-83.99999999999999,-9735.952973170937,-13121.23365030338,16338.774519579178,1,0.4622863378451598
Br*Br/(2mu0),Br,482.9797921254974,2.0,-62.999999999999986,Br,241.4898960627487,1.0,-20.999999999999996,-4316.312092482549,-6198.400027219428,7553.192237534066,Fr,724.4696881882461,3.0,-83.99999999999999,-9735.952973170937,-13121.23365030338,16338.774519579178,2,0.4622863378451597
-Btheta*Btheta/(2mu0),Btheta,241.4898960627487,1.0,-20.999999999999996,Btheta,482.9797921254974,2.0,-62.999999999999986,-777.0102972599041,-684.2103244443721,1035.3206122376766,Fr,724.4696881882461,3.0,-83.99999999999999,-9735.952973170937,-13121.23365030338,16338.774519579178,3,0.06336586694412272
-Btheta*Btheta/(2mu0),Btheta,482.9797921254974,2.0,-62.999999999999986,Btheta,241.4898960627487,1.0,-20.999999999999996,-777.010297259904,-684.2103244443721,1035.3206122376764,Fr,724.4696881882461,3.0,-83.99999999999999,-9735.952973170937,-13121.23365030338,16338.774519579178,4,0.0633658669441227
Br*Br/(2mu0),Br,-241.4898960627487,-1.0,20.999999999999996,Br,965.9595842509948,4.0,-104.99999999999997,150.53265568268435,205.7675139998337,254.95166256479553,Fr,724.4696881882461,3.0,-83.99999999999999,-9735.952973170937,-13121.23365030338,16338.774519579178,5,0.015604087213473712
Br*Br/(2mu0),Br,965.9595842509948,4.0,-104.99999999999997,Br,-241.4898960627487,-1.0,20.999999999999996,150.53265568268435,205.76751399983368,254.9516625647955,Fr,724.4696881882461,3.0,-83.99999999999999,-9735.952973170937,-13121.23365030338,16338.774519579178,6,0.01560408721347371
Br*Br/(2mu0),Br,0.0,0.0,20.999999999999996,Br,724.4696881882461,3.0,-104.99999999999997,149.60409777237322,205.19158657706464,253.93891641947837,Fr,724.4696881882461,3.0,-83.99999999999999,-9735.952973170937,-13121.23365030338,16338.774519579178,7,0.015542102996474844
Br*Br/(2mu0),Br,724.4696881882461,3.0,-104.99999999999997,Br,0.0,0.0,20.999999999999996,149.60409777237322,205.1915865770646,253.93891641947835,Fr,724.4696881882461,3.0,-83.99999999999999,-9735.952973170937,-13121.23365030338,16338.774519579178,8,0.015542102996474842
Br*Br/(2mu0),Br,1207.4494803137436,5.0,-146.99999999999997,Br,-482.9797921254974,-2.0,62.999999999999986,-76.05047374276145,-85.86074661828101,114.69848458609688,Fr,724.4696881882461,3.0,-83.99999999999999,-9735.952973170937,-13121.23365030338,16338.774519579178,9,0.007020017593648209
Br*Br/(2mu0),Br,-482.9797921254974,-2.0,62.999999999999986,Br,1207.4494803137436,5.0,-146.99999999999997,-76.05047374276145,-85.86074661828101,114.69848458609688,Fr,724.4696881882461,3.0,-83.99999999999999,-9735.952973170937,-13121.23365030338,16338.774519579178,10,0.007020017593648209
Br*Br/(2mu0),Br,241.4898960627487,1.0,14.999999999999996,Br,482.9797921254974,2.0,-98.99999999999997,-11.64679023545256,-69.71830757578259,70.68444053693895,Fr,724.4696881882461,3.0,-83.99999999999999,-9735.952973170937,-13121.23365030338,16338.774519579178,11,0.004326177612172562
Br*Br/(2mu0),Br,482.9797921254974,2.0,-98.99999999999997,Br,241.4898960627487,1.0,14.999999999999996,-11.646790235452562,-69.71830757578259,70.68444053693895,Fr,724.4696881882461,3.0,-83.99999999999999,-9735.952973170937,-13121.23365030338,16338.774519579178,12,0.004326177612172562
Br*Br/(2mu0),Br,-482.9797921254974,-2.0,62.999999999999986,Br,-241.4898960627487,-1.0,20.999999999999996,-4316.312092482548,6198.400027219428,7553.192237534066,Fr,-724.4696881882461,-3.0,83.99999999999999,-9735.952973170937,13121.23365030338,16338.774519579178,1,0.4622863378451597
Br*Br/(2mu0),Br,-241.4898960627487,-1.0,20.999999999999996,Br,-482.9797921254974,-2.0,62.999999999999986,-4316.312092482548,6198.400027219428,7553.192237534066,Fr,-724.4696881882461,-3.0,83.99999999999999,-9735.952973170937,13121.23365030338,16338.774519579178,2,0.4622863378451597
-Btheta*Btheta/(2mu0),Btheta,-482.9797921254974,-2.0,62.999999999999986,Btheta,-241.4898960627487,-1.0,20.999999999999996,-777.0102972599043,684.2103244443724,1035.3206122376769,Fr,-724.4696881882461,-3.0,83.99999999999999,-9735.952973170937,13121.23365030338,16338.774519579178,3,0.06336586694412273
-Btheta*Btheta/(2mu0),Btheta,-241.4898960627487,-1.0,20.999999999999996,Btheta,-482.9797921254974,-2.0,62.999999999999986,-777.0102972599043,684.2103244443724,1035.3206122376769,Fr,-724.4696881882461,-3.0,83.99999999999999,-9735.952973170937,13121.23365030338,16338.774519579178,4,0.06336586694412273
Br*Br/(2mu0),Br,241.4898960627487,1.0,-20.999999999999996,Br,-965.9595842509948,-4.0,104.99999999999997,150.53265568268435,-205.7675139998337,254.95166256479553,Fr,-724.4696881882461,-3.0,83.99999999999999,-9735.952973170937,13121.23365030338,16338.774519579178,5,0.015604087213473712
Br*Br/(2mu0),Br,-965.9595842509948,-4.0,104.99999999999997,Br,241.4898960627487,1.0,-20.999999999999996,150.53265568268435,-205.7675139998337,254.95166256479553,Fr,-724.4696881882461,-3.0,83.99999999999999,-9735.952973170937,13121.23365030338,16338.774519579178,6,0.015604087213473712
Br*Br/(2mu0),Br,0.0,0.0,-20.999999999999996,Br,-724.4696881882461,-3.0,104.99999999999997,149.60409777237328,-205.19158657706464,253.9389164194784,Fr,-724.4696881882461,-3.0,83.99999999999999,-9735.952973170937,13121.23365030338,16338.774519579178,7,0.015542102996474846
Br*Br/(2mu0),Br,-724.4696881882461,-3.0,104.99999999999997,Br,0.0,0.0,-20.999999999999996,149.60409777237328,-205.19158657706458,253.93891641947835,Fr,-724.4696881882461,-3.0,83.99999999999999,-9735.952973170937,13121.23365030338,16338.774519579178,8,0.015542102996474842
Br*Br/(2mu0),Br,482.9797921254974,2.0,-62.999999999999986,Br,-1207.4494803137436,-5.0,146.99999999999997,-76.05047374276147,85.86074661828103,114.69848458609691,Fr,-724.4696881882461,-3.0,83.99999999999999,-9735.952973170937,13121.23365030338,16338.774519579178,9,0.00702001759364821
Br*Br/(2mu0),Br,-1207.4494803137436,-5.0,146.99999999999997,Br,482.9797921254974,2.0,-62.999999999999986,-76.05047374276147,85.86074661828103,114.69848458609691,Fr,-724.4696881882461,-3.0,83.99999999999999,-9735.952973170937,13121.23365030338,16338.774519579178,10,0.00702001759364821
Br*Br/(2mu0),Br,-241.4898960627487,-1.0,-14.999999999999996,Br,-482.9797921254974,-2.0,98.99999999999997,-11.646790235452531,69.71830757578257,70.68444053693892,Fr,-724.4696881882461,-3.0,83.99999999999999,-9735.952973170937,13121.23365030338,16338.774519579178,11,0.0043261776121725605
Br*Br/(2mu0),Br,-482.9797921254974,-2.0,98.99999999999997,Br,-241.4898960627487,-1.0,-14.999999999999996,-11.64679023545253,69.71830757578256,70.68444053693891,Fr,-724.4696881882461,-3.0,83.99999999999999,-9735.952973170937,13121.23365030338,16338.774519579178,12,0.00432617761217256
Br*Br/(2mu0),Br,241.4898960627487,1.0,50.999999999999986,Br,-241.4898960627487,-1.0,20.999999999999996,-2266.023350918204,-316.6578823128847,2288.0415296356505,Fr,0.0,0.0,71.99999999999999,-11486.563047107851,-782.6003742452616,11513.192171633045,1,0.19873215833859498
Br*Br/(2mu0),Br,-241.4898960627487,-1.0,20.999999999999996,Br,241.4898960627487,1.0,50.999999999999986,-2266.023350918204,-316.6578823128847,2288.0415296356505,Fr,0.0,0.0,71.99999999999999,-11486.563047107851,-782.6003742452616,11513.192171633045,2,0.19873215833859498
Br*Br/(2mu0),Br,241.4898960627487,1.0,-20.999999999999996,Br,-241.4898960627487,-1.0,92.99999999999999,-2137.52618299818,-457.5436666805193,2185.947023585481,Fr,0.0,0.0,71.99999999999999,-11486.563047107851,-782.6003742452616,11513.192171633045,3,0.18986454764225685
Br*Br/(2mu0),Br,-241.4898960627487,-1.0,92.99999999999999,Br,241.4898960627487,1.0,-20.999999999999996,-2137.52618299818,-457.5436666805193,2185.947023585481,Fr,0.0,0.0,71.99999999999999,-11486.563047107851,-782.6003742452616,11513.192171633045,4,0.18986454764225685
-Btheta*Btheta/(2mu0),Btheta,-241.4898960627487,-1.0,20.999999999999996,Btheta,241.4898960627487,1.0,50.999999999999986,594.1187106352543,173.5952509012929,618.9607042958219,Fr,0.0,0.0,71.99999999999999,-11486.563047107851,-782.6003742452616,11513.192171633045,5,0.05376099825909774
-Btheta*Btheta/(2mu0),Btheta,241.4898960627487,1.0,50.999999999999986,Btheta,-241.4898960627487,-1.0,20.999999999999996,594.1187106352542,173.59525090129287,618.9607042958218,Fr,0.0,0.0,71.99999999999999,-11486.563047107851,-782.6003742452616,11513.192171633045,6,0.05376099825909773
-Btheta*Btheta/(2mu0),Btheta,-241.4898960627487,-1.0,92.99999999999999,Btheta,241.4898960627487,1.0,-20.999999999999996,-594.3033469498055,-40.947933825040366,595.7123479333635,Fr,0.0,0.0,71.99999999999999,-11486.563047107851,-782.6003742452616,11513.192171633045,7,0.05174171846111615
-Btheta*Btheta/(2mu0),Btheta,241.4898960627487,1.0,-20.999999999999996,Btheta,-241.4898960627487,-1.0,92.99999999999999,-594.3033469498054,-40.94793382504031,595.7123479333634,Fr,0.0,0.0,71.99999999999999,-11486.563047107851,-782.6003742452616,11513.192171633045,8,0.051741718461116144
Br*Br/(2mu0),Br,0.0,0.0,50.999999999999986,Br,0.0,0.0,20.999999999999996,-566.8717828709907,-79.31092749839485,572.3930829735727,Fr,0.0,0.0,71.99999999999999,-11486.563047107851,-782.6003742452616,11513.192171633045,9,0.0497162797633025
Br*Br/(2mu0),Br,0.0,0.0,20.999999999999996,Br,0.0,0.0,50.999999999999986,-566.8717828709906,-79.31092749839488,572.3930829735726,Fr,0.0,0.0,71.99999999999999,-11486.563047107851,-782.6003742452616,11513.192171633045,10,0.04971627976330249
Br*Br/(2mu0),Br,0.0,0.0,-20.999999999999996,Br,0.0,0.0,92.99999999999999,-534.7044789290582,-114.19999590217697,546.7636773331353,Fr,0.0,0.0,71.99999999999999,-11486.563047107851,-782.6003742452616,11513.192171633045,11,0.047490189443748484
Br*Br/(2mu0),Br,0.0,0.0,92.99999999999999,Br,0.0,0.0,-20.999999999999996,-534.704478929058,-114.19999590217694,546.7636773331351,Fr,0.0,0.0,71.99999999999999,-11486.563047107851,-782.6003742452616,11513.192171633045,12,0.047490189443748464
Br*Br/(2mu0),Br,241.4898960627487,1.0,-20.999999999999996,Br,-241.4898960627487,-1.0,-50.999999999999986,-2266.0233509182035,316.65788231288377,2288.0415296356496,Fr,0.0,0.0,-71.99999999999999,-11486.563047107851,782.6003742452616,11513.192171633045,1,0.1987321583385949
Br*Br/(2mu0),Br,-241.4898960627487,-1.0,-50.999999999999986,Br,241.4898960627487,1.0,-20.999999999999996,-2266.0233509182035,316.65788231288377,2288.0415296356496,Fr,0.0,0.0,-71.99999999999999,-11486.563047107851,782.6003742452616,11513.192171633045,2,0.1987321583385949
Br*Br/(2mu0),Br,241.4898960627487,1.0,-92.99999999999999,Br,-241.4898960627487,-1.0,20.999999999999996,-2137.5261829981796,457.5436666805192,2185.9470235854806,Fr,0.0,0.0,-71.99999999999999,-11486.563047107851,782.6003742452616,11513.192171633045,3,0.18986454764225683
Br*Br/(2mu0),Br,-241.4898960627487,-1.0,20.999999999999996,Br,241.4898960627487,1.0,-92.99999999999999,-2137.5261829981796,457.5436666805191,2185.9470235854806,Fr,0.0,0.0,-71.99999999999999,-11486.563047107851,782.6003742452616,11513.192171633045,4,0.18986454764225683
-Btheta*Btheta/(2mu0),Btheta,241.4898960627487,1.0,-20.999999999999996,Btheta,-241.4898960627487,-1.0,-50.999999999999986,594.118710635254,-173.5952509012929,618.9607042958216,Fr,0.0,0.0,-71.99999999999999,-11486.563047107851,782.6003742452616,11513.192171633045,5,0.05376099825909772
-Btheta*Btheta/(2mu0),Btheta,-241.4898960627487,-1.0,-50.999999999999986,Btheta,241.4898960627487,1.0,-20.999999999999996,594.118710635254,-173.59525090129284,618.9607042958216,Fr,0.0,0.0,-71.99999999999999,-11486.563047107851,782.6003742452616,11513.192171633045,6,0.05376099825909772
-Btheta*Btheta/(2mu0),Btheta,241.4898960627487,1.0,-92.99999999999999,Btheta,-241.4898960627487,-1.0,20.999999999999996,-594.3033469498055,40.94793382504042,595.7123479333635,Fr,0.0,0.0,-71.99999999999999,-11486.563047107851,782.6003742452616,11513.192171633045,7,0.05174171846111615
-Btheta*Btheta/(2mu0),Btheta,-241.4898960627487,-1.0,20.999999999999996,Btheta,241.4898960627487,1.0,-92.99999999999999,-594.3033469498055,40.94793382504048,595.7123479333635,Fr,0.0,0.0,-71.99999999999999,-11486.563047107851,782.6003742452616,11513.192171633045,8,0.05174171846111615
Br*Br/(2mu0),Br,0.0,0.0,-20.999999999999996,Br,0.0,0.0,-50.999999999999986,-566.8717828709908,79.31092749839456,572.3930829735727,Fr,0.0,0.0,-71.99999999999999,-11486.563047107851,782.6003742452616,11513.192171633045,9,0.0497162797633025
Br*Br/(2mu0),Br,0.0,0.0,-50.999999999999986,Br,0.0,0.0,-20.999999999999996,-566.8717828709907,79.31092749839453,572.3930829735726,Fr,0.0,0.0,-71.99999999999999,-11486.563047107851,782.6003742452616,11513.192171633045,10,0.04971627976330249
Br*Br/(2mu0),Br,0.0,0.0,20.999999999999996,Br,0.0,0.0,-92.99999999999999,-534.704478929058,114.19999590217665,546.7636773331351,Fr,0.0,0.0,-71.99999999999999,-11486.563047107851,782.6003742452616,11513.192171633045,11,0.047490189443748464
Br*Br/(2mu0),Br,0.0,0.0,-92.99999999999999,Br,0.0,0.0,20.999999999999996,-534.704478929058,114.19999590217668,546.7636773331351,Fr,0.0,0.0,-71.99999999999999,-11486.563047107851,782.6003742452616,11513.192171633045,12,0.047490189443748464
Br*Br/(2mu0),Br,0.0,0.0,-20.999999999999996,Br,0.0,0.0,-20.999999999999996,4076.502970649741,-9013.945980771634,9892.88120892924,Fr,0.0,0.0,-41.99999999999999,-4004.8915041140353,8737.03846606001,9611.191243396264,1,1.029308538182145
Br*Br/(2mu0),Br,241.4898960627487,1.0,-20.999999999999996,Br,-241.4898960627487,-1.0,-20.999999999999996,-3265.907004860919,7221.396166850254,7925.573238763185,Fr,0.0,0.0,-41.99999999999999,-4004.8915041140353,8737.03846606001,9611.191243396264,2,0.8246192420953805
Br*Br/(2mu0),Br,-241.4898960627487,-1.0,-20.999999999999996,Br,241.4898960627487,1.0,-20.999999999999996,-3265.9070048609183,7221.396166850254,7925.573238763185,Fr,0.0,0.0,-41.99999999999999,-4004.8915041140353,8737.03846606001,9611.191243396264,3,0.8246192420953805
Br*Br/(2mu0),Br,-482.9797921254974,-2.0,20.999999999999996,Br,482.9797921254974,2.0,-62.999999999999986,633.2150070796001,-1781.3081046377324,1890.507817714301,Fr,0.0,0.0,-41.99999999999999,-4004.8915041140353,8737.03846606001,9611.191243396264,4,0.19669859540181833
Br*Br/(2mu0),Br,482.9797921254974,2.0,-62.999999999999986,Br,-482.9797921254974,-2.0,20.999999999999996,633.2150070796001,-1781.3081046377322,1890.5078177143007,Fr,0.0,0.0,-41.99999999999999,-4004.8915041140353,8737.03846606001,9611.191243396264,5,0.1966985954018183
Br*Br/(2mu0),Br,482.9797921254974,2.0,-20.999999999999996,Br,-482.9797921254974,-2.0,-20.999999999999996,-512.4816626529337,1133.1678568019602,1243.6666941928866,Fr,0.0,0.0,-41.99999999999999,-4004.8915041140353,8737.03846606001,9611.191243396264,6,0.1293977679455078
Br*Br/(2mu0),Br,-482.9797921254974,-2.0,-20.999999999999996,Br,482.9797921254974,2.0,-20.999999999999996,-512.4816626529334,1133.1678568019602,1243.6666941928866,Fr,0.0,0.0,-41.99999999999999,-4004.8915041140353,8737.03846606001,9611.191243396264,7,0.1293977679455078
-Btheta*Btheta/(2mu0),Btheta,0.0,0.0,-20.999999999999996,Btheta,0.0,0.0,-20.999999999999996,107.02956330805989,-753.5873147116006,761.149898716511,Fr,0.0,0.0,-41.99999999999999,-4004.8915041140353,8737.03846606001,9611.191243396264,8,0.07919412687157672
-Btheta*Btheta/(2mu0),Btheta,241.4898960627487,1.0,-20.999999999999996,Btheta,-241.4898960627487,-1.0,-20.999999999999996,-85.73286077682627,603.7499760929154,609.8066554648076,Fr,0.0,0.0,-41.99999999999999,-4004.8915041140353,8737.03846606001,9611.191243396264,9,0.06344756232832205
-Btheta*Btheta/(2mu0),Btheta,-241.4898960627487,-1.0,-20.999999999999996,Btheta,241.4898960627487,1.0,-20.999999999999996,-85.73286077682627,603.7499760929154,609.8066554648076,Fr,0.0,0.0,-41.99999999999999,-4004.8915041140353,8737.03846606001,9611.191243396264,10,0.06344756232832205
Br*Br/(2mu0),Br,724.4696881882461,3.0,-20.999999999999996,Br,-724.4696881882461,-3.0,-20.999999999999996,-214.3870815200422,474.2769463497519,520.4809723337893,Fr,0.0,0.0,-41.99999999999999,-4004.8915041140353,8737.03846606001,9611.191243396264,11,0.05415363810301929
Br*Br/(2mu0),Br,-724.4696881882461,-3.0,-20.999999999999996,Br,724.4696881882461,3.0,-20.999999999999996,-214.38708152004222,474.2769463497518,520.4809723337892,Fr,0.0,0.0,-41.99999999999999,-4004.8915041140353,8737.03846606001,9611.191243396264,12,0.05415363810301928
Br*Br/(2mu0),Br,0.0,0.0,20.999999999999996,Br,0.0,0.0,20.999999999999996,4076.5029706497376,9013.945980771632,9892.881208929237,Fr,0.0,0.0,41.99999999999999,-4004.8915041140344,-8737.038466060008,9611.191243396263,1,1.0293085381821447
Br*Br/(2mu0),Br,241.4898960627487,1.0,20.999999999999996,Br,-241.4898960627487,-1.0,20.999999999999996,-3265.907004860924,-7221.396166850254,7925.573238763187,Fr,0.0,0.0,41.99999999999999,-4004.8915041140344,-8737.038466060008,9611.191243396263,2,0.8246192420953808
Br*Br/(2mu0),Br,-241.4898960627487,-1.0,20.999999999999996,Br,241.4898960627487,1.0,20.999999999999996,-3265.907004860924,-7221.396166850254,7925.573238763187,Fr,0.0,0.0,41.99999999999999,-4004.8915041140344,-8737.038466060008,9611.191243396263,3,0.8246192420953808
Br*Br/(2mu0),Br,482.9797921254974,2.0,-20.999999999999996,Br,-482.9797921254974,-2.0,62.999999999999986,633.2150070796004,1781.308104637732,1890.5078177143005,Fr,0.0,0.0,41.99999999999999,-4004.8915041140344,-8737.038466060008,9611.191243396263,4,0.1966985954018183
Br*Br/(2mu0),Br,-482.9797921254974,-2.0,62.999999999999986,Br,482.9797921254974,2.0,-20.999999999999996,633.2150070796004,1781.308104637732,1890.5078177143005,Fr,0.0,0.0,41.99999999999999,-4004.8915041140344,-8737.038466060008,9611.191243396263,5,0.1966985954018183
Br*Br/(2mu0),Br,482.9797921254974,2.0,20.999999999999996,Br,-482.9797921254974,-2.0,20.999999999999996,-512.481662652934,-1133.1678568019602,1243.6666941928868,Fr,0.0,0.0,41.99999999999999,-4004.8915041140344,-8737.038466060008,9611.191243396263,6,0.12939776794550786
Br*Br/(2mu0),Br,-482.9797921254974,-2.0,20.999999999999996,Br,482.9797921254974,2.0,20.999999999999996,-512.4816626529341,-1133.1678568019602,1243.6666941928868,Fr,0.0,0.0,41.99999999999999,-4004.8915041140344,-8737.038466060008,9611.191243396263,7,0.12939776794550786
-Btheta*Btheta/(2mu0),Btheta,0.0,0.0,20.999999999999996,Btheta,0.0,0.0,20.999999999999996,107.02956330805989,753.5873147116006,761.149898716511,Fr,0.0,0.0,41.99999999999999,-4004.8915041140344,-8737.038466060008,9611.191243396263,8,0.07919412687157673
-Btheta*Btheta/(2mu0),Btheta,-241.4898960627487,-1.0,20.999999999999996,Btheta,241.4898960627487,1.0,20.999999999999996,-85.73286077682656,-603.7499760929156,609.8066554648079,Fr,0.0,0.0,41.99999999999999,-4004.8915041140344,-8737.038466060008,9611.191243396263,9,0.0634475623283221
-Btheta*Btheta/(2mu0),Btheta,241.4898960627487,1.0,20.999999999999996,Btheta,-241.4898960627487,-1.0,20.999999999999996,-85.73286077682656,-603.7499760929154,609.8066554648077,Fr,0.0,0.0,41.99999999999999,-4004.8915041140344,-8737.038466060008,9611.191243396263,10,0.06344756232832208
Br*Br/(2mu0),Br,724.4696881882461,3.0,20.999999999999996,Br,-724.4696881882461,-3.0,20.999999999999996,-214.38708152004168,-474.27694634975205,520.4809723337892,Fr,0.0,0.0,41.99999999999999,-4004.8915041140344,-8737.038466060008,9611.191243396263,11,0.054153638103019285
Br*Br/(2mu0),Br,-724.4696881882461,-3.0,20.999999999999996,Br,724.4696881882461,3.0,20.999999999999996,-214.38708152004173,-474.27694634975205,520.4809723337892,Fr,0.0,0.0,41.99999999999999,-4004.8915041140344,-8737.038466060008,9611.191243396263,12,0.054153638103019285
Br*Btheta/mu0,Br,0.0,0.0,20.999999999999996,Btheta,-241.4898960627487,-1.0,20.999999999999996,10314.399274732188,-3747.014812861317,10973.921468937073,Ftheta,-241.4898960627487,-1.0,41.99999999999999,21297.817993613073,-8909.954773188363,23086.45371964544,1,0.47534028405578826
Br*Btheta/mu0,Br,-241.4898960627487,-1.0,20.999999999999996,Btheta,0.0,0.0,20.999999999999996,10314.558812316529,-3745.4833644150804,10973.548611358436,Ftheta,-241.4898960627487,-1.0,41.99999999999999,21297.817993613073,-8909.954773188363,23086.45371964544,2,0.47532413356411185
Br*Btheta/mu0,Br,241.4898960627487,1.0,-20.999999999999996,Btheta,-482.9797921254974,-2.0,62.999999999999986,-7113.26585194743,2263.6766871704444,7464.769468946804,Ftheta,-241.4898960627487,-1.0,41.99999999999999,21297.817993613073,-8909.954773188363,23086.45371964544,3,0.3233398060870064
Br*Btheta/mu0,Br,-482.9797921254974,-2.0,62.999999999999986,Btheta,241.4898960627487,1.0,-20.999999999999996,3575.334960828429,-2185.384902679624,4190.3373676808,Ftheta,-241.4898960627487,-1.0,41.99999999999999,21297.817993613073,-8909.954773188363,23086.45371964544,4,0.18150632481570905
Br*Btheta/mu0,Br,241.4898960627487,1.0,20.999999999999996,Btheta,-482.9797921254974,-2.0,20.999999999999996,1034.380328729988,-375.9595099575526,1100.5853976821065,Ftheta,-241.4898960627487,-1.0,41.99999999999999,21297.817993613073,-8909.954773188363,23086.45371964544,5,0.047672345482215064
Br*Btheta/mu0,Br,-482.9797921254974,-2.0,20.999999999999996,Btheta,241.4898960627487,1.0,20.999999999999996,1034.4544919841653,-375.44275470584415,1100.4786949538507,Ftheta,-241.4898960627487,-1.0,41.99999999999999,21297.817993613073,-8909.954773188363,23086.45371964544,6,0.047667723606133465
Br*Btheta/mu0,Br,482.9797921254974,2.0,20.999999999999996,Btheta,-724.4696881882461,-3.0,20.999999999999996,371.5585792203859,-135.1316590258926,395.36861668999717,Ftheta,-241.4898960627487,-1.0,41.99999999999999,21297.817993613073,-8909.954773188363,23086.45371964544,7,0.017125567291158186
Br*Btheta/mu0,Br,-724.4696881882461,-3.0,20.999999999999996,Btheta,482.9797921254974,2.0,20.999999999999996,371.59067274826896,-134.79267863831367,395.28305590804524,Ftheta,-241.4898960627487,-1.0,41.99999999999999,21297.817993613073,-8909.954773188363,23086.45371964544,8,0.01712186118787394
Br*Btheta/mu0,Br,-241.4898960627487,-1.0,-14.999999999999996,Btheta,0.0,0.0,56.999999999999986,-203.32356742561356,274.5710188318373,341.65730996574797,Ftheta,-241.4898960627487,-1.0,41.99999999999999,21297.817993613073,-8909.954773188363,23086.45371964544,9,0.01479903817687748
Br*Btheta/mu0,Br,0.0,0.0,-14.999999999999996,Btheta,-241.4898960627487,-1.0,56.999999999999986,-203.43817810700966,274.3959127258905,341.5848492427232,Ftheta,-241.4898960627487,-1.0,41.99999999999999,21297.817993613073,-8909.954773188363,23086.45371964544,10,0.01479589950846592
Br*Btheta/mu0,Br,0.0,0.0,56.999999999999986,Btheta,-241.4898960627487,-1.0,-14.999999999999996,167.46609402519653,-225.52649557947004,280.90406343877027,Ftheta,-241.4898960627487,-1.0,41.99999999999999,21297.817993613073,-8909.954773188363,23086.45371964544,11,0.012167484311361977
Br*Btheta/mu0,Br,-241.4898960627487,-1.0,56.999999999999986,Btheta,0.0,0.0,-14.999999999999996,167.55471016628212,-225.38323982924823,280.8419229652782,Ftheta,-241.4898960627487,-1.0,41.99999999999999,21297.817993613073,-8909.954773188363,23086.45371964544,12,0.012164792669144133
Br*Btheta/mu0,Br,0.0,0.0,-20.999999999999996,Btheta,241.4898960627487,1.0,-20.999999999999996,10314.399274732188,3747.014812861318,10973.921468937075,Ftheta,241.4898960627487,1.0,-41.99999999999999,21297.817993613073,8909.954773188358,23086.45371964544,1,0.4753402840557883
Br*Btheta/mu0,Br,241.4898960627487,1.0,-20.999999999999996,Btheta,0.0,0.0,-20.999999999999996,10314.558812316529,3745.4833644150804,10973.548611358436,Ftheta,241.4898960627487,1.0,-41.99999999999999,21297.817993613073,8909.954773188358,23086.45371964544,2,0.47532413356411185
Br*Btheta/mu0,Br,-241.4898960627487,-1.0,20.999999999999996,Btheta,482.9797921254974,2.0,-62.999999999999986,-7113.265851947428,-2263.676687170443,7464.769468946802,Ftheta,241.4898960627487,1.0,-41.99999999999999,21297.817993613073,8909.954773188358,23086.45371964544,3,0.3233398060870063
Br*Btheta/mu0,Br,482.9797921254974,2.0,-62.999999999999986,Btheta,-241.4898960627487,-1.0,20.999999999999996,3575.33496082843,2185.384902679624,4190.3373676808005,Ftheta,241.4898960627487,1.0,-41.99999999999999,21297.817993613073,8909.954773188358,23086.45371964544,4,0.18150632481570908
Br*Btheta/mu0,Br,-241.4898960627487,-1.0,-20.999999999999996,Btheta,482.9797921254974,2.0,-20.999999999999996,1034.3803287299882,375.95950995755175,1100.5853976821065,Ftheta,241.4898960627487,1.0,-41.99999999999999,21297.817993613073,8909.954773188358,23086.45371964544,5,0.047672345482215064
Br*Btheta/mu0,Br,482.9797921254974,2.0,-20.999999999999996,Btheta,-241.4898960627487,-1.0,-20.999999999999996,1034.4544919841655,375.4427547058436,1100.4786949538507,Ftheta,241.4898960627487,1.0,-41.99999999999999,21297.817993613073,8909.954773188358,23086.45371964544,6,0.047667723606133465
Br*Btheta/mu0,Br,-482.9797921254974,-2.0,-20.999999999999996,Btheta,724.4696881882461,3.0,-20.999999999999996,371.5585792203857,135.1316590258927,395.368616689997,Ftheta,241.4898960627487,1.0,-41.99999999999999,21297.817993613073,8909.954773188358,23086.45371964544,7,0.01712556729115818
Br*Btheta/mu0,Br,724.4696881882461,3.0,-20.999999999999996,Btheta,-482.9797921254974,-2.0,-20.999999999999996,371.59067274826873,134.792678638314,395.2830559080451,Ftheta,241.4898960627487,1.0,-41.99999999999999,21297.817993613073,8909.954773188358,23086.45371964544,8,0.017121861187873937
Br*Btheta/mu0,Br,241.4898960627487,1.0,14.999999999999996,Btheta,0.0,0.0,-56.999999999999986,-203.32356742561367,-274.57101883183725,341.65730996574797,Ftheta,241.4898960627487,1.0,-41.99999999999999,21297.817993613073,8909.954773188358,23086.45371964544,9,0.01479903817687748
Br*Btheta/mu0,Br,0.0,0.0,14.999999999999996,Btheta,241.4898960627487,1.0,-56.999999999999986,-203.4381781070097,-274.3959127258904,341.58484924272307,Ftheta,241.4898960627487,1.0,-41.99999999999999,21297.817993613073,8909.954773188358,23086.45371964544,10,0.014795899508465915
Br*Btheta/mu0,Br,0.0,0.0,-56.999999999999986,Btheta,241.4898960627487,1.0,14.999999999999996,167.46609402519655,225.52649557946992,280.9040634387702,Ftheta,241.4898960627487,1.0,-41.99999999999999,21297.817993613073,8909.954773188358,23086.45371964544,11,0.012167484311361975
Br*Btheta/mu0,Br,241.4898960627487,1.0,-56.999999999999986,Btheta,0.0,0.0,14.999999999999996,167.55471016628212,225.3832398292482,280.8419229652781,Ftheta,241.4898960627487,1.0,-41.99999999999999,21297.817993613073,8909.954773188358,23086.45371964544,12,0.012164792669144131
Br*Btheta/mu0,Br,241.4898960627487,1.0,-20.999999999999996,Btheta,-241.4898960627487,-1.0,56.999999999999986,880.5853382657674,-9528.66516646173,9569.268017592034,Ftheta,0.0,0.0,35.99999999999999,3088.383966402717,-22172.20501860538,22386.263442365787,1,0.4274616012729613
Br*Btheta/mu0,Br,-241.4898960627487,-1.0,20.999999999999996,Btheta,241.4898960627487,1.0,14.999999999999996,2305.229297142189,-3796.623274244265,4441.669775989196,Ftheta,0.0,0.0,35.99999999999999,3088.383966402717,-22172.20501860538,22386.263442365787,2,0.19841050237903388
Br*Btheta/mu0,Br,-241.4898960627487,-1.0,56.999999999999986,Btheta,241.4898960627487,1.0,-20.999999999999996,-105.07265118705845,-2772.7418936295085,2774.7320358397906,Ftheta,0.0,0.0,35.99999999999999,3088.383966402717,-22172.20501860538,22386.263442365787,3,0.12394797564066172
Br*Btheta/mu0,Br,0.0,0.0,-20.999999999999996,Btheta,0.0,0.0,56.999999999999986,220.06675747930888,-2383.361843839227,2393.5001684596086,Ftheta,0.0,0.0,35.99999999999999,3088.383966402717,-22172.20501860538,22386.263442365787,4,0.10691825255348031
Br*Btheta/mu0,Br,241.4898960627487,1.0,14.999999999999996,Btheta,-241.4898960627487,-1.0,20.999999999999996,-981.3342094095776,1220.974104788111,1566.4592542165435,Ftheta,0.0,0.0,35.99999999999999,3088.383966402717,-22172.20501860538,22386.263442365787,5,0.06997412758272264
Br*Btheta/mu0,Br,0.0,0.0,20.999999999999996,Btheta,0.0,0.0,14.999999999999996,575.9914715954981,-949.6958502555298,1110.7152575450293,Ftheta,0.0,0.0,35.99999999999999,3088.383966402717,-22172.20501860538,22386.263442365787,6,0.04961592900059469
Br*Btheta/mu0,Br,0.0,0.0,56.999999999999986,Btheta,0.0,0.0,-20.999999999999996,-26.417551767047144,-693.4960193372945,693.9990027932588,Ftheta,0.0,0.0,35.99999999999999,3088.383966402717,-22172.20501860538,22386.263442365787,7,0.031001109433916176
Br*Btheta/mu0,Br,482.9797921254974,2.0,-20.999999999999996,Btheta,-482.9797921254974,-2.0,56.999999999999986,55.18631034642158,-596.9401015107137,599.4856242156877,Ftheta,0.0,0.0,35.99999999999999,3088.383966402717,-22172.20501860538,22386.263442365787,8,0.026779173119224845
Br*Btheta/mu0,Br,241.4898960627487,1.0,-56.999999999999986,Btheta,-241.4898960627487,-1.0,92.99999999999999,-57.82691229580547,540.0591038428147,543.1461934223335,Ftheta,0.0,0.0,35.99999999999999,3088.383966402717,-22172.20501860538,22386.263442365787,9,0.024262476621910674
Br*Btheta/mu0,Br,-241.4898960627487,-1.0,92.99999999999999,Btheta,241.4898960627487,1.0,-56.999999999999986,62.63985566808415,-525.1539842363827,528.8766006144206,Ftheta,0.0,0.0,35.99999999999999,3088.383966402717,-22172.20501860538,22386.263442365787,10,0.02362505033392606
Br*Btheta/mu0,Br,0.0,0.0,14.999999999999996,Btheta,0.0,0.0,20.999999999999996,-245.28471045779185,305.4075474964255,391.71208719178446,Ftheta,0.0,0.0,35.99999999999999,3088.383966402717,-22172.20501860538,22386.263442365787,11,0.017497877133460026
Br*Btheta/mu0,Br,-241.4898960627487,-1.0,-20.999999999999996,Btheta,241.4898960627487,1.0,56.999999999999986,35.26515992053692,-382.5805102929089,384.202392444664,Ftheta,0.0,0.0,35.99999999999999,3088.383966402717,-22172.20501860538,22386.263442365787,12,0.01716241718649503
Br*Btheta/mu0,Br,-241.4898960627487,-1.0,20.999999999999996,Btheta,241.4898960627487,1.0,-56.999999999999986,880.5853382657683,9528.665166461727,9569.268017592032,Ftheta,0.0,0.0,-35.99999999999999,3088.3839664027187,22172.20501860538,22386.263442365787,1,0.42746160127296123
Br*Btheta/mu0,Br,241.4898960627487,1.0,-20.999999999999996,Btheta,-241.4898960627487,-1.0,-14.999999999999996,2305.2292971421894,3796.623274244265,4441.669775989196,Ftheta,0.0,0.0,-35.99999999999999,3088.3839664027187,22172.20501860538,22386.263442365787,2,0.19841050237903388
Br*Btheta/mu0,Br,241.4898960627487,1.0,-56.999999999999986,Btheta,-241.4898960627487,-1.0,20.999999999999996,-105.07265118705845,2772.741893629509,2774.732035839791,Ftheta,0.0,0.0,-35.99999999999999,3088.3839664027187,22172.20501860538,22386.263442365787,3,0.12394797564066173
Br*Btheta/mu0,Br,0.0,0.0,20.999999999999996,Btheta,0.0,0.0,-56.999999999999986,220.06675747930888,2383.361843839227,2393.5001684596086,Ftheta,0.0,0.0,-35.99999999999999,3088.3839664027187,22172.20501860538,22386.263442365787,4,0.10691825255348031
Br*Btheta/mu0,Br,-241.4898960627487,-1.0,-14.999999999999996,Btheta,241.4898960627487,1.0,-20.999999999999996,-981.3342094095776,-1220.9741047881107,1566.4592542165433,Ftheta,0.0,0.0,-35.99999999999999,3088.3839664027187,22172.20501860538,22386.263442365787,5,0.06997412758272264
Br*Btheta/mu0,Br,0.0,0.0,-20.999999999999996,Btheta,0.0,0.0,-14.999999999999996,575.9914715954981,949.6958502555301,1110.7152575450298,Ftheta,0.0,0.0,-35.99999999999999,3088.3839664027187,22172.20501860538,22386.263442365787,6,0.04961592900059471
Br*Btheta/mu0,Br,0.0,0.0,-56.999999999999986,Btheta,0.0,0.0,20.999999999999996,-26.41755176704703,693.4960193372943,693.9990027932587,Ftheta,0.0,0.0,-35.99999999999999,3088.3839664027187,22172.20501860538,22386.263442365787,7,0.03100110943391617
Br*Btheta/mu0,Br,-482.9797921254974,-2.0,20.999999999999996,Btheta,482.9797921254974,2.0,-56.999999999999986,55.186310346421664,596.9401015107137,599.4856242156877,Ftheta,0.0,0.0,-35.99999999999999,3088.3839664027187,22172.20501860538,22386.263442365787,8,0.026779173119224845
Br*Btheta/mu0,Br,-241.4898960627487,-1.0,56.999999999999986,Btheta,241.4898960627487,1.0,-92.99999999999999,-57.82691229580553,-540.0591038428147,543.1461934223335,Ftheta,0.0,0.0,-35.99999999999999,3088.3839664027187,22172.20501860538,22386.263442365787,9,0.024262476621910674
Br*Btheta/mu0,Br,241.4898960627487,1.0,-92.99999999999999,Btheta,-241.4898960627487,-1.0,56.999999999999986,62.63985566808421,525.1539842363827,528.8766006144206,Ftheta,0.0,0.0,-35.99999999999999,3088.3839664027187,22172.20501860538,22386.263442365787,10,0.02362505033392606
Br*Btheta/mu0,Br,0.0,0.0,-14.999999999999996,Btheta,0.0,0.0,-20.999999999999996,-245.28471045779187,-305.4075474964255,391.71208719178446,Ftheta,0.0,0.0,-35.99999999999999,3088.3839664027187,22172.20501860538,22386.263442365787,11,0.017497877133460026
Br*Btheta/mu0,Br,241.4898960627487,1.0,20.999999999999996,Btheta,-241.4898960627487,-1.0,-56.999999999999986,35.2651599205374,382.5805102929089,384.2023924446641,Ftheta,0.0,0.0,-35.99999999999999,3088.3839664027187,22172.20501860538,22386.263442365787,12,0.017162417186495034
Br*Btheta/mu0,Br,241.4898960627487,1.0,-20.999999999999996,Btheta,241.4898960627487,1.0,-20.999999999999996,-20089.706814905996,-8824.33442511494,21942.315236892144,Ftheta,482.9797921254974,2.0,-41.99999999999999,-10339.705988133874,-5142.927037298579,11548.126187049926,1,1.9000758115631147
Br*Btheta/mu0,Br,0.0,0.0,20.999999999999996,Btheta,482.9797921254974,2.0,-62.999999999999986,3475.9092359994743,1362.266679512246,3733.3249956326827,Ftheta,482.9797921254974,2.0,-41.99999999999999,-10339.705988133874,-5142.927037298579,11548.126187049926,2,0.3232840493048331
Br*Btheta/mu0,Br,0.0,0.0,-20.999999999999996,Btheta,482.9797921254974,2.0,-20.999999999999996,2514.7701461716147,1105.0650107037504,2746.8595824973804,Ftheta,482.9797921254974,2.0,-41.99999999999999,-10339.705988133874,-5142.927037298579,11548.126187049926,3,0.2378619299794031
Br*Btheta/mu0,Br,482.9797921254974,2.0,-20.999999999999996,Btheta,0.0,0.0,-20.999999999999996,2514.855103400095,1104.2200935359374,2746.597569005335,Ftheta,482.9797921254974,2.0,-41.99999999999999,-10339.705988133874,-5142.927037298579,11548.126187049926,4,0.2378392411476566
Br*Btheta/mu0,Br,482.9797921254974,2.0,-62.999999999999986,Btheta,0.0,0.0,20.999999999999996,-1712.6201781147151,-1207.7158171927645,2095.6252932199654,Ftheta,482.9797921254974,2.0,-41.99999999999999,-10339.705988133874,-5142.927037298579,11548.126187049926,5,0.18146885990646697
Br*Btheta/mu0,Br,241.4898960627487,1.0,14.999999999999996,Btheta,241.4898960627487,1.0,-56.999999999999986,369.8341570448951,574.3823736547816,683.1488965682439,Ftheta,482.9797921254974,2.0,-41.99999999999999,-10339.705988133874,-5142.927037298579,11548.126187049926,6,0.05915668789057115
Br*Btheta/mu0,Br,-241.4898960627487,-1.0,-20.999999999999996,Btheta,724.4696881882461,3.0,-20.999999999999996,577.2980885938018,253.82103190336048,630.6331733508346,Ftheta,482.9797921254974,2.0,-41.99999999999999,-10339.705988133874,-5142.927037298579,11548.126187049926,7,0.054609134255739857
Br*Btheta/mu0,Br,724.4696881882461,3.0,-20.999999999999996,Btheta,-241.4898960627487,-1.0,-20.999999999999996,577.3137744474247,253.36478612305532,630.4640426018867,Ftheta,482.9797921254974,2.0,-41.99999999999999,-10339.705988133874,-5142.927037298579,11548.126187049926,8,0.054594488524804086
Br*Btheta/mu0,Br,241.4898960627487,1.0,-56.999999999999986,Btheta,241.4898960627487,1.0,14.999999999999996,-304.6861347709351,-471.85255388956347,561.6747041960817,Ftheta,482.9797921254974,2.0,-41.99999999999999,-10339.705988133874,-5142.927037298579,11548.126187049926,9,0.04863773525664657
Br*Btheta/mu0,Br,-482.9797921254974,-2.0,-20.999999999999996,Btheta,965.9595842509948,4.0,-20.999999999999996,254.47140057769974,112.04966757662186,278.0482363116292,Ftheta,482.9797921254974,2.0,-41.99999999999999,-10339.705988133874,-5142.927037298579,11548.126187049926,10,0.024077346558910362
Br*Btheta/mu0,Br,965.9595842509948,4.0,-20.999999999999996,Btheta,-482.9797921254974,-2.0,-20.999999999999996,254.37555394349835,111.55428723288748,277.7611949932877,Ftheta,482.9797921254974,2.0,-41.99999999999999,-10339.705988133874,-5142.927037298579,11548.126187049926,11,0.024052490464190564
Br*Btheta/mu0,Br,241.4898960627487,1.0,50.999999999999986,Btheta,241.4898960627487,1.0,-92.99999999999999,219.9415361821949,115.60373433776428,248.4723379594198,Ftheta,482.9797921254974,2.0,-41.99999999999999,-10339.705988133874,-5142.927037298579,11548.126187049926,12,0.02151624721922911
Br*Btheta/mu0,Br,-241.4898960627487,-1.0,20.999999999999996,Btheta,-241.4898960627487,-1.0,20.999999999999996,-20089.706814906,8824.334425114941,21942.315236892147,Ftheta,-482.9797921254974,-2.0,41.99999999999999,-10339.705988133874,5142.92703729858,11548.126187049926,1,1.900075811563115
Br*Btheta/mu0,Br,0.0,0.0,-20.999999999999996,Btheta,-482.9797921254974,-2.0,62.999999999999986,3475.9092359994756,-1362.2666795122464,3733.324995632684,Ftheta,-482.9797921254974,-2.0,41.99999999999999,-10339.705988133874,5142.92703729858,11548.126187049926,2,0.32328404930483323
Br*Btheta/mu0,Br,0.0,0.0,20.999999999999996,Btheta,-482.9797921254974,-2.0,20.999999999999996,2514.770146171614,-1105.06501070375,2746.85958249738,Ftheta,-482.9797921254974,-2.0,41.99999999999999,-10339.705988133874,5142.92703729858,11548.126187049926,3,0.23786192997940303
Br*Btheta/mu0,Br,-482.9797921254974,-2.0,20.999999999999996,Btheta,0.0,0.0,20.999999999999996,2514.855103400095,-1104.2200935359374,2746.597569005335,Ftheta,-482.9797921254974,-2.0,41.99999999999999,-10339.705988133874,5142.92703729858,11548.126187049926,4,0.2378392411476566
Br*Btheta/mu0,Br,-482.9797921254974,-2.0,62.999999999999986,Btheta,0.0,0.0,-20.999999999999996,-1712.620178114715,1207.7158171927645,2095.625293219965,Ftheta,-482.9797921254974,-2.0,41.99999999999999,-10339.705988133874,5142.92703729858,11548.126187049926,5,0.1814688599064669
Br*Btheta/mu0,Br,-241.4898960627487,-1.0,-14.999999999999996,Btheta,-241.4898960627487,-1.0,56.999999999999986,369.83415704489505,-574.3823736547819,683.1488965682441,Ftheta,-482.9797921254974,-2.0,41.99999999999999,-10339.705988133874,5142.92703729858,11548.126187049926,6,0.05915668789057117
Br*Btheta/mu0,Br,241.4898960627487,1.0,20.999999999999996,Btheta,-724.4696881882461,-3.0,20.999999999999996,577.298088593802,-253.82103190336056,630.6331733508348,Ftheta,-482.9797921254974,-2.0,41.99999999999999,-10339.705988133874,5142.92703729858,11548.126187049926,7,0.05460913425573988
Br*Btheta/mu0,Br,-724.4696881882461,-3.0,20.999999999999996,Btheta,241.4898960627487,1.0,20.999999999999996,577.313774447425,-253.36478612305518,630.4640426018868,Ftheta,-482.9797921254974,-2.0,41.99999999999999,-10339.705988133874,5142.92703729858,11548.126187049926,8,0.05459448852480409
Br*Btheta/mu0,Br,-241.4898960627487,-1.0,56.999999999999986,Btheta,-241.4898960627487,-1.0,-14.999999999999996,-304.68613477093504,471.8525538895635,561.6747041960817,Ftheta,-482.9797921254974,-2.0,41.99999999999999,-10339.705988133874,5142.92703729858,11548.126187049926,9,0.04863773525664657
Br*Btheta/mu0,Br,482.9797921254974,2.0,20.999999999999996,Btheta,-965.9595842509948,-4.0,20.999999999999996,254.4714005776998,-112.04966757662208,278.0482363116293,Ftheta,-482.9797921254974,-2.0,41.99999999999999,-10339.705988133874,5142.92703729858,11548.126187049926,10,0.024077346558910372
Br*Btheta/mu0,Br,-965.9595842509948,-4.0,20.999999999999996,Btheta,482.9797921254974,2.0,20.999999999999996,254.37555394349846,-111.5542872328875,277.76119499328786,Ftheta,-482.9797921254974,-2.0,41.99999999999999,-10339.705988133874,5142.92703729858,11548.126187049926,11,0.02405249046419058
Br*Btheta/mu0,Br,-241.4898960627487,-1.0,-50.999999999999986,Btheta,-241.4898960627487,-1.0,92.99999999999999,219.9415361821949,-115.6037343377642,248.47233795941978,Ftheta,-482.9797921254974,-2.0,41.99999999999999,-10339.705988133874,5142.92703729858,11548.126187049926,12,0.021516247219229106
Br*Btheta/mu0,Br,241.4898960627487,1.0,-20.999999999999996,Btheta,-241.4898960627487,-1.0,-50.999999999999986,-634.2117208712205,-4417.476870863547,4462.771158316863,Ftheta,0.0,0.0,-71.99999999999999,-747.9971448264484,-11201.884421883637,11226.830110494584,1,0.3975094585376478
Br*Btheta/mu0,Br,-241.4898960627487,-1.0,20.999999999999996,Btheta,241.4898960627487,1.0,-92.99999999999999,-897.355177247463,-4200.3631718562,4295.1480870417845,Ftheta,0.0,0.0,-71.99999999999999,-747.9971448264484,-11201.884421883637,11226.830110494584,2,0.3825788797700589
Br*Btheta/mu0,Br,-241.4898960627487,-1.0,-50.999999999999986,Btheta,241.4898960627487,1.0,-20.999999999999996,351.4321034408828,1219.7344286235125,1269.352827112466,Ftheta,0.0,0.0,-71.99999999999999,-747.9971448264484,-11201.884421883637,11226.830110494584,3,0.11306422334884217
Br*Btheta/mu0,Br,241.4898960627487,1.0,-92.99999999999999,Btheta,-241.4898960627487,-1.0,20.999999999999996,-83.83974230962986,-1209.8115821800304,1212.7131428196421,Ftheta,0.0,0.0,-71.99999999999999,-747.9971448264484,-11201.884421883637,11226.830110494584,4,0.10801919427693357
Br*Btheta/mu0,Br,0.0,0.0,-20.999999999999996,Btheta,0.0,0.0,-50.999999999999986,-158.8437005804467,-1105.111538308355,1116.468912830245,Ftheta,0.0,0.0,-71.99999999999999,-747.9971448264484,-11201.884421883637,11226.830110494584,5,0.09944649574652381
Br*Btheta/mu0,Br,0.0,0.0,20.999999999999996,Btheta,0.0,0.0,-92.99999999999999,-223.9705136633633,-1050.7446555844394,1074.3496275560826,Ftheta,0.0,0.0,-71.99999999999999,-747.9971448264484,-11201.884421883637,11226.830110494584,6,0.09569483255579019
Br*Btheta/mu0,Br,-241.4898960627487,-1.0,-14.999999999999996,Btheta,241.4898960627487,1.0,-56.999999999999986,401.08272281243137,553.0145245323813,683.148896568244,Ftheta,0.0,0.0,-71.99999999999999,-747.9971448264484,-11201.884421883637,11226.830110494584,7,0.060849669037892726
Br*Btheta/mu0,Br,241.4898960627487,1.0,-56.999999999999986,Btheta,-241.4898960627487,-1.0,-14.999999999999996,339.6880736392694,447.3147504397749,561.6747041960817,Ftheta,0.0,0.0,-71.99999999999999,-747.9971448264484,-11201.884421883637,11226.830110494584,8,0.05002967878448976
Br*Btheta/mu0,Br,0.0,0.0,-50.999999999999986,Btheta,0.0,0.0,-20.999999999999996,88.00567726912232,305.1007726803131,317.53973093413214,Ftheta,0.0,0.0,-71.99999999999999,-747.9971448264484,-11201.884421883637,11226.830110494584,9,0.028284006064837774
Br*Btheta/mu0,Br,0.0,0.0,-92.99999999999999,Btheta,0.0,0.0,20.999999999999996,-20.79062309569497,-302.6082427151468,303.3216091343583,Ftheta,0.0,0.0,-71.99999999999999,-747.9971448264484,-11201.884421883637,11226.830110494584,10,0.027017564722104436
Br*Btheta/mu0,Br,482.9797921254974,2.0,-20.999999999999996,Btheta,-482.9797921254974,-2.0,-50.999999999999986,-39.67282244938963,-276.69326075341183,279.522974704149,Ftheta,0.0,0.0,-71.99999999999999,-747.9971448264484,-11201.884421883637,11226.830110494584,11,0.02489776472549071
Br*Btheta/mu0,Br,-482.9797921254974,-2.0,20.999999999999996,Btheta,482.9797921254974,2.0,-92.99999999999999,-56.32405925245884,-263.0613982067818,269.02360282544265,Ftheta,0.0,0.0,-71.99999999999999,-747.9971448264484,-11201.884421883637,11226.830110494584,12,0.02396256113058712
Br*Btheta/mu0,Br,-241.4898960627487,-1.0,20.999999999999996,Btheta,241.4898960627487,1.0,50.999999999999986,-634.2117208712205,4417.476870863547,4462.771158316863,Ftheta,0.0,0.0,71.99999999999999,-747.9971448264482,11201.884421883637,11226.830110494584,1,0.3975094585376478
Br*Btheta/mu0,Br,241.4898960627487,1.0,-20.999999999999996,Btheta,-241.4898960627487,-1.0,92.99999999999999,-897.3551772474625,4200.3631718562,4295.1480870417845,Ftheta,0.0,0.0,71.99999999999999,-747.9971448264482,11201.884421883637,11226.830110494584,2,0.3825788797700589
Br*Btheta/mu0,Br,241.4898960627487,1.0,50.999999999999986,Btheta,-241.4898960627487,-1.0,20.999999999999996,351.43210344088334,-1219.734428623513,1269.3528271124665,Ftheta,0.0,0.0,71.99999999999999,-747.9971448264482,11201.884421883637,11226.830110494584,3,0.11306422334884221
Br*Btheta/mu0,Br,-241.4898960627487,-1.0,92.99999999999999,Btheta,241.4898960627487,1.0,-20.999999999999996,-83.83974230962986,1209.8115821800304,1212.7131428196421,Ftheta,0.0,0.0,71.99999999999999,-747.9971448264482,11201.884421883637,11226.830110494584,4,0.10801919427693357
Br*Btheta/mu0,Br,0.0,0.0,20.999999999999996,Btheta,0.0,0.0,50.999999999999986,-158.8437005804468,1105.1115383083547,1116.4689128302448,Ftheta,0.0,0.0,71.99999999999999,-747.9971448264482,11201.884421883637,11226.830110494584,5,0.09944649574652378
Br*Btheta/mu0,Br,0.0,0.0,-20.999999999999996,Btheta,0.0,0.0,92.99999999999999,-223.97051366336336,1050.7446555844397,1074.3496275560829,Ftheta,0.0,0.0,71.99999999999999,-747.9971448264482,11201.884421883637,11226.830110494584,6,0.0956948325557902
Br*Btheta/mu0,Br,241.4898960627487,1.0,14.999999999999996,Btheta,-241.4898960627487,-1.0,56.999999999999986,401.0827228124313,-553.0145245323815,683.1488965682443,Ftheta,0.0,0.0,71.99999999999999,-747.9971448264482,11201.884421883637,11226.830110494584,7,0.06084966903789275
Br*Btheta/mu0,Br,-241.4898960627487,-1.0,56.999999999999986,Btheta,241.4898960627487,1.0,14.999999999999996,339.68807363926936,-447.31475043977497,561.6747041960817,Ftheta,0.0,0.0,71.99999999999999,-747.9971448264482,11201.884421883637,11226.830110494584,8,0.05002967878448976
Br*Btheta/mu0,Br,0.0,0.0,50.999999999999986,Btheta,0.0,0.0,20.999999999999996,88.00567726912249,-305.10077268031307,317.53973093413214,Ftheta,0.0,0.0,71.99999999999999,-747.9971448264482,11201.884421883637,11226.830110494584,9,0.028284006064837774
Br*Btheta/mu0,Br,0.0,0.0,92.99999999999999,Btheta,0.0,0.0,-20.999999999999996,-20.790623095695082,302.60824271514684,303.32160913435837,Ftheta,0.0,0.0,71.99999999999999,-747.9971448264482,11201.884421883637,11226.830110494584,10,0.02701756472210444
Br*Btheta/mu0,Br,-482.9797921254974,-2.0,20.999999999999996,Btheta,482.9797921254974,2.0,50.999999999999986,-39.672822449389585,276.6932607534118,279.52297470414896,Ftheta,0.0,0.0,71.99999999999999,-747.9971448264482,11201.884421883637,11226.830110494584,11,0.024897764725490705
Br*Btheta/mu0,Br,482.9797921254974,2.0,-20.999999999999996,Btheta,-482.9797921254974,-2.0,92.99999999999999,-56.324059252458795,263.0613982067818,269.02360282544265,Ftheta,0.0,0.0,71.99999999999999,-747.9971448264482,11201.884421883637,11226.830110494584,12,0.02396256113058712
Br*Btheta/mu0,Br,-241.4898960627487,-1.0,20.999999999999996,Btheta,-482.9797921254974,-2.0,62.999999999999986,-5674.8895283607835,-4849.578545133738,7464.7694689468035,Ftheta,-724.4696881882461,-3.0,83.99999999999999,-8496.354379003633,-7292.758197264049,11196.979943599801,1,0.6666770420727305
Br*Btheta/mu0,Br,-482.9797921254974,-2.0,62.999999999999986,Btheta,-241.4898960627487,-1.0,20.999999999999996,-3066.1382730269943,-2856.1728494019926,4190.3373676808005,Ftheta,-724.4696881882461,-3.0,83.99999999999999,-8496.354379003633,-7292.758197264049,11196.979943599801,2,0.37423817750749827
Br*Btheta/mu0,Br,0.0,0.0,-20.999999999999996,Btheta,-724.4696881882461,-3.0,104.99999999999997,225.69184424802353,261.75642121341195,345.62006973919677,Ftheta,-724.4696881882461,-3.0,83.99999999999999,-8496.354379003633,-7292.758197264049,11196.979943599801,3,0.030867258089245158
Br*Btheta/mu0,Br,241.4898960627487,1.0,-20.999999999999996,Btheta,-965.9595842509948,-4.0,104.99999999999997,224.5697650411907,259.89048121503146,343.4743681802708,Ftheta,-724.4696881882461,-3.0,83.99999999999999,-8496.354379003633,-7292.758197264049,11196.979943599801,4,0.03067562591970176
Br*Btheta/mu0,Br,482.9797921254974,2.0,-62.999999999999986,Btheta,-1207.4494803137436,-5.0,146.99999999999997,-165.9471051470764,-134.76563834896137,213.77609545105335,Ftheta,-724.4696881882461,-3.0,83.99999999999999,-8496.354379003633,-7292.758197264049,11196.979943599801,5,0.019092299577909654
Br*Btheta/mu0,Br,-965.9595842509948,-4.0,104.99999999999997,Btheta,241.4898960627487,1.0,-20.999999999999996,-124.80381399230349,-66.55565304999982,141.44131977586125,Ftheta,-724.4696881882461,-3.0,83.99999999999999,-8496.354379003633,-7292.758197264049,11196.979943599801,6,0.012632095483631653
Br*Btheta/mu0,Br,-724.4696881882461,-3.0,104.99999999999997,Btheta,0.0,0.0,-20.999999999999996,-124.41953058633851,-66.07160698646575,140.8746848837605,Ftheta,-724.4696881882461,-3.0,83.99999999999999,-8496.354379003633,-7292.758197264049,11196.979943599801,7,0.012581489436737316
Br*Btheta/mu0,Br,-241.4898960627487,-1.0,-14.999999999999996,Btheta,-482.9797921254974,-2.0,98.99999999999997,136.96611169693855,21.30091950307685,138.6125713095851,Ftheta,-724.4696881882461,-3.0,83.99999999999999,-8496.354379003633,-7292.758197264049,11196.979943599801,8,0.01237946053380368
Br*Btheta/mu0,Br,-1207.4494803137436,-5.0,146.99999999999997,Btheta,482.9797921254974,2.0,-62.999999999999986,91.8596380341572,66.41786058507685,113.35574667596295,Ftheta,-724.4696881882461,-3.0,83.99999999999999,-8496.354379003633,-7292.758197264049,11196.979943599801,9,0.010123778665939036
Br*Btheta/mu0,Br,-482.9797921254974,-2.0,98.99999999999997,Btheta,-241.4898960627487,-1.0,-14.999999999999996,-109.85493228564256,-17.18491246340433,111.19095000879335,Ftheta,-724.4696881882461,-3.0,83.99999999999999,-8496.354379003633,-7292.758197264049,11196.979943599801,10,0.009930441116164555
Br*Btheta/mu0,Br,-482.9797921254974,-2.0,26.999999999999993,Btheta,-241.4898960627487,-1.0,56.999999999999986,89.93573471726697,4.42712681385845,90.04463243836693,Ftheta,-724.4696881882461,-3.0,83.99999999999999,-8496.354379003633,-7292.758197264049,11196.979943599801,11,0.008041867797560581
Br*Btheta/mu0,Br,-241.4898960627487,-1.0,-20.999999999999996,Btheta,-482.9797921254974,-2.0,104.99999999999997,22.83163304507375,26.559991997436743,35.02451487756551,Ftheta,-724.4696881882461,-3.0,83.99999999999999,-8496.354379003633,-7292.758197264049,11196.979943599801,12,0.0031280322956714355
Br*Btheta/mu0,Br,241.4898960627487,1.0,-20.999999999999996,Btheta,482.9797921254974,2.0,-62.999999999999986,-5674.889528360782,4849.578545133738,7464.769468946802,Ftheta,724.4696881882461,3.0,-83.99999999999999,-8496.354379003635,7292.758197264049,11196.979943599801,1,0.6666770420727303
Br*Btheta/mu0,Br,482.9797921254974,2.0,-62.999999999999986,Btheta,241.4898960627487,1.0,-20.999999999999996,-3066.1382730269943,2856.172849401993,4190.3373676808005,Ftheta,724.4696881882461,3.0,-83.99999999999999,-8496.354379003635,7292.758197264049,11196.979943599801,2,0.37423817750749827
Br*Btheta/mu0,Br,0.0,0.0,20.999999999999996,Btheta,724.4696881882461,3.0,-104.99999999999997,225.6918442480235,-261.75642121341184,345.62006973919665,Ftheta,724.4696881882461,3.0,-83.99999999999999,-8496.354379003635,7292.758197264049,11196.979943599801,3,0.030867258089245148
Br*Btheta/mu0,Br,-241.4898960627487,-1.0,20.999999999999996,Btheta,965.9595842509948,4.0,-104.99999999999997,224.56976504119066,-259.89048121503146,343.47436818027074,Ftheta,724.4696881882461,3.0,-83.99999999999999,-8496.354379003635,7292.758197264049,11196.979943599801,4,0.030675625919701754
Br*Btheta/mu0,Br,-482.9797921254974,-2.0,62.999999999999986,Btheta,1207.4494803137436,5.0,-146.99999999999997,-165.94710514707637,134.76563834896137,213.77609545105335,Ftheta,724.4696881882461,3.0,-83.99999999999999,-8496.354379003635,7292.758197264049,11196.979943599801,5,0.019092299577909654
Br*Btheta/mu0,Br,965.9595842509948,4.0,-104.99999999999997,Btheta,-241.4898960627487,-1.0,20.999999999999996,-124.8038139923035,66.55565304999985,141.44131977586127,Ftheta,724.4696881882461,3.0,-83.99999999999999,-8496.354379003635,7292.758197264049,11196.979943599801,6,0.012632095483631655
Br*Btheta/mu0,Br,724.4696881882461,3.0,-104.99999999999997,Btheta,0.0,0.0,20.999999999999996,-124.41953058633854,66.07160698646574,140.8746848837605,Ftheta,724.4696881882461,3.0,-83.99999999999999,-8496.354379003635,7292.758197264049,11196.979943599801,7,0.012581489436737316
Br*Btheta/mu0,Br,241.4898960627487,1.0,14.999999999999996,Btheta,482.9797921254974,2.0,-98.99999999999997,136.96611169693853,-21.300919503076884,138.61257130958506,Ftheta,724.4696881882461,3.0,-83.99999999999999,-8496.354379003635,7292.758197264049,11196.979943599801,8,0.012379460533803677
Br*Btheta/mu0,Br,1207.4494803137436,5.0,-146.99999999999997,Btheta,-482.9797921254974,-2.0,62.999999999999986,91.85963803415723,-66.41786058507687,113.35574667596298,Ftheta,724.4696881882461,3.0,-83.99999999999999,-8496.354379003635,7292.758197264049,11196.979943599801,9,0.01012377866593904
Br*Btheta/mu0,Br,482.9797921254974,2.0,-98.99999999999997,Btheta,241.4898960627487,1.0,14.999999999999996,-109.85493228564258,17.184912463404377,111.19095000879337,Ftheta,724.4696881882461,3.0,-83.99999999999999,-8496.354379003635,7292.758197264049,11196.979943599801,10,0.009930441116164557
Br*Btheta/mu0,Br,482.9797921254974,2.0,-26.999999999999993,Btheta,241.4898960627487,1.0,-56.999999999999986,89.93573471726697,-4.427126813858486,90.04463243836693,Ftheta,724.4696881882461,3.0,-83.99999999999999,-8496.354379003635,7292.758197264049,11196.979943599801,11,0.008041867797560581
Br*Btheta/mu0,Br,241.4898960627487,1.0,20.999999999999996,Btheta,482.9797921254974,2.0,-104.99999999999997,22.831633045073737,-26.559991997436775,35.02451487756552,Ftheta,724.4696881882461,3.0,-83.99999999999999,-8496.354379003635,7292.758197264049,11196.979943599801,12,0.0031280322956714368
Br*Btheta/mu0,Br,0.0,0.0,20.999999999999996,Btheta,0.0,0.0,20.999999999999996,-5270.000862243465,1531.9768381790204,5488.156532093801,Ftheta,0.0,0.0,41.99999999999999,5463.736453989089,-1876.7225980883445,5777.067054208798,1,0.9499901040780692
Br*Btheta/mu0,Br,241.4898960627487,1.0,20.999999999999996,Btheta,-241.4898960627487,-1.0,20.999999999999996,4221.969260991327,-1227.9787911556712,4396.925784259248,Ftheta,0.0,0.0,41.99999999999999,5463.736453989089,-1876.7225980883445,5777.067054208798,2,0.7611000085339032
Br*Btheta/mu0,Br,-241.4898960627487,-1.0,20.999999999999996,Btheta,241.4898960627487,1.0,20.999999999999996,4222.19525726125,-1226.6414947612677,4396.76951262055,Ftheta,0.0,0.0,41.99999999999999,5463.736453989089,-1876.7225980883445,5777.067054208798,3,0.7610729581920548
Br*Btheta/mu0,Br,482.9797921254974,2.0,-20.999999999999996,Btheta,-482.9797921254974,-2.0,62.999999999999986,-1813.6260724640697,448.98809078956356,1868.3762566443368,Ftheta,0.0,0.0,41.99999999999999,5463.736453989089,-1876.7225980883445,5777.067054208798,4,0.32341259658448285
Br*Btheta/mu0,Br,-482.9797921254974,-2.0,62.999999999999986,Btheta,482.9797921254974,2.0,-20.999999999999996,928.8552855354737,-487.2021650947718,1048.874678472228,Ftheta,0.0,0.0,41.99999999999999,5463.736453989089,-1876.7225980883445,5777.067054208798,5,0.18155833550661066
Br*Btheta/mu0,Br,482.9797921254974,2.0,20.999999999999996,Btheta,-482.9797921254974,-2.0,20.999999999999996,662.5138250222392,-192.80952203218504,690.0000580665757,Ftheta,0.0,0.0,41.99999999999999,5463.736453989089,-1876.7225980883445,5777.067054208798,6,0.11943777899615794
Br*Btheta/mu0,Br,-482.9797921254974,-2.0,20.999999999999996,Btheta,482.9797921254974,2.0,20.999999999999996,662.604382328871,-192.38636770263102,689.9688992695516,Ftheta,0.0,0.0,41.99999999999999,5463.736453989089,-1876.7225980883445,5777.067054208798,7,0.11943238546398466
Br*Btheta/mu0,Br,-724.4696881882461,-3.0,20.999999999999996,Btheta,724.4696881882461,3.0,20.999999999999996,277.4472685180893,-80.65577860665354,288.9331089210689,Ftheta,0.0,0.0,41.99999999999999,5463.736453989089,-1876.7225980883445,5777.067054208798,8,0.0500138056577638
Br*Btheta/mu0,Br,724.4696881882461,3.0,20.999999999999996,Btheta,-724.4696881882461,-3.0,20.999999999999996,277.31134421704513,-80.71119246254177,288.8180711454703,Ftheta,0.0,0.0,41.99999999999999,5463.736453989089,-1876.7225980883445,5777.067054208798,9,0.04999389282405093
Br*Btheta/mu0,Br,0.0,0.0,-14.999999999999996,Btheta,0.0,0.0,56.999999999999986,110.4869873324522,-130.2951734843152,170.8338567237456,Ftheta,0.0,0.0,41.99999999999999,5463.736453989089,-1876.7225980883445,5777.067054208798,10,0.029571035807743843
Br*Btheta/mu0,Br,965.9595842509948,4.0,20.999999999999996,Btheta,-965.9595842509948,-4.0,20.999999999999996,154.14333424794899,-45.05859589556514,160.59403649312375,Ftheta,0.0,0.0,41.99999999999999,5463.736453989089,-1876.7225980883445,5777.067054208798,11,0.027798541195073252
Br*Btheta/mu0,Br,-965.9595842509948,-4.0,20.999999999999996,Btheta,965.9595842509948,4.0,20.999999999999996,154.01700217324165,-44.431099370570685,160.29772159862364,Ftheta,0.0,0.0,41.99999999999999,5463.736453989089,-1876.7225980883445,5777.067054208798,12,0.027747249615501877
Br*Btheta/mu0,Br,0.0,0.0,-20.999999999999996,Btheta,0.0,0.0,-20.999999999999996,-5270.000862243465,-1531.9768381790213,5488.156532093802,Ftheta,0.0,0.0,-41.99999999999999,5463.736453989089,1876.7225980883443,5777.067054208798,1,0.9499901040780693
Br*Btheta/mu0,Br,-241.4898960627487,-1.0,-20.999999999999996,Btheta,241.4898960627487,1.0,-20.999999999999996,4221.969260991325,1227.9787911556677,4396.925784259245,Ftheta,0.0,0.0,-41.99999999999999,5463.736453989089,1876.7225980883443,5777.067054208798,2,0.7611000085339028
Br*Btheta/mu0,Br,241.4898960627487,1.0,-20.999999999999996,Btheta,-241.4898960627487,-1.0,-20.999999999999996,4222.195257261249,1226.6414947612654,4396.769512620549,Ftheta,0.0,0.0,-41.99999999999999,5463.736453989089,1876.7225980883443,5777.067054208798,3,0.7610729581920547
Br*Btheta/mu0,Br,-482.9797921254974,-2.0,20.999999999999996,Btheta,482.9797921254974,2.0,-62.999999999999986,-1813.6260724640692,-448.9880907895631,1868.376256644336,Ftheta,0.0,0.0,-41.99999999999999,5463.736453989089,1876.7225980883443,5777.067054208798,4,0.32341259658448274
Br*Btheta/mu0,Br,482.9797921254974,2.0,-62.999999999999986,Btheta,-482.9797921254974,-2.0,20.999999999999996,928.855285535474,487.20216509477154,1048.8746784722282,Ftheta,0.0,0.0,-41.99999999999999,5463.736453989089,1876.7225980883443,5777.067054208798,5,0.1815583355066107
Br*Btheta/mu0,Br,-482.9797921254974,-2.0,-20.999999999999996,Btheta,482.9797921254974,2.0,-20.999999999999996,662.5138250222393,192.80952203218473,690.0000580665757,Ftheta,0.0,0.0,-41.99999999999999,5463.736453989089,1876.7225980883443,5777.067054208798,6,0.11943777899615794
Br*Btheta/mu0,Br,482.9797921254974,2.0,-20.999999999999996,Btheta,-482.9797921254974,-2.0,-20.999999999999996,662.604382328871,192.38636770263105,689.9688992695516,Ftheta,0.0,0.0,-41.99999999999999,5463.736453989089,1876.7225980883443,5777.067054208798,7,0.11943238546398466
Br*Btheta/mu0,Br,724.4696881882461,3.0,-20.999999999999996,Btheta,-724.4696881882461,-3.0,-20.999999999999996,277.4472685180891,80.6557786066538,288.93310892106877,Ftheta,0.0,0.0,-41.99999999999999,5463.736453989089,1876.7225980883443,5777.067054208798,8,0.05001380565776379
Br*Btheta/mu0,Br,-724.4696881882461,-3.0,-20.999999999999996,Btheta,724.4696881882461,3.0,-20.999999999999996,277.3113442170451,80.71119246254202,288.8180711454703,Ftheta,0.0,0.0,-41.99999999999999,5463.736453989089,1876.7225980883443,5777.067054208798,9,0.04999389282405093
Br*Btheta/mu0,Br,0.0,0.0,14.999999999999996,Btheta,0.0,0.0,-56.999999999999986,110.48698733245226,130.2951734843152,170.83385672374567,Ftheta,0.0,0.0,-41.99999999999999,5463.736453989089,1876.7225980883443,5777.067054208798,10,0.029571035807743853
Br*Btheta/mu0,Br,-965.9595842509948,-4.0,-20.999999999999996,Btheta,965.9595842509948,4.0,-20.999999999999996,154.14333424794899,45.05859589556512,160.59403649312372,Ftheta,0.0,0.0,-41.99999999999999,5463.736453989089,1876.7225980883443,5777.067054208798,11,0.027798541195073245
Br*Btheta/mu0,Br,965.9595842509948,4.0,-20.999999999999996,Btheta,-965.9595842509948,-4.0,-20.999999999999996,154.0170021732416,44.431099370570664,160.29772159862358,Ftheta,0.0,0.0,-41.99999999999999,5463.736453989089,1876.7225980883443,5777.067054208798,12,0.027747249615501866
